timestamp,temperature,humidity,smoke,flame,label,notes,created_at
2026-08-15 00:07:54,30.8,49.86,2000,0,unverified,Imported from sensor_history(2).csv,2026-08-15 00:07:54
2026-08-15 00:07:59,30.7,49.75,2008,0,unverified,Imported from sensor_history(2).csv,2026-08-15 00:07:59
2026-08-15 00:08:03,30.8,49.84,2010,0,unverified,Imported from sensor_history(2).csv,2026-08-15 00:08:03
2026-08-15 00:08:08,30.9,49.9,2028,0,unverified,Imported from sensor_history(2).csv,2026-08-15 00:08:08
2026-08-15 00:08:13,30.71,49.65,2038,0,unverified,Imported from sensor_history(2).csv,2026-08-15 00:08:13
2026-08-15 00:08:17,30.6,49.88,2034,0,unverified,Imported from sensor_history(2).csv,2026-08-15 00:08:17
2026-08-15 00:08:23,30.64,49.87,2029,0,unverified,Imported from sensor_history(2).csv,2026-08-15 00:08:23
2026-08-15 00:08:28,30.63,49.67,2032,0,unverified,Imported from sensor_history(2).csv,2026-08-15 00:08:28
2026-08-15 00:08:33,30.66,49.91,2024,0,unverified,Imported from sensor_history(2).csv,2026-08-15 00:08:33
2026-08-15 00:08:37,30.6,50.03,2032,0,unverified,Imported from sensor_history(2).csv,2026-08-15 00:08:37
2026-08-15 00:08:42,30.72,49.8,2034,0,unverified,Imported from sensor_history(2).csv,2026-08-15 00:08:42
2026-08-15 00:08:47,30.82,50.13,2034,0,unverified,Imported from sensor_history(2).csv,2026-08-15 00:08:47
2026-08-15 00:08:52,30.84,50.24,2038,0,unverified,Imported from sensor_history(2).csv,2026-08-15 00:08:52
2026-08-15 00:08:57,30.97,50.21,2050,0,unverified,Imported from sensor_history(2).csv,2026-08-15 00:08:57
2026-08-15 00:09:02,31.02,50.48,2049,0,unverified,Imported from sensor_history(2).csv,2026-08-15 00:09:02
2026-08-15 00:09:06,30.93,50.47,2046,0,unverified,Imported from sensor_history(2).csv,2026-08-15 00:09:06
2026-08-15 00:09:12,30.98,50.43,2056,0,unverified,Imported from sensor_history(2).csv,2026-08-15 00:09:12
2026-08-15 00:09:17,30.89,50.27,2060,0,unverified,Imported from sensor_history(2).csv,2026-08-15 00:09:17
2026-08-15 00:09:22,30.99,50.36,2055,0,unverified,Imported from sensor_history(2).csv,2026-08-15 00:09:22
2026-08-15 00:09:26,30.99,50.41,2052,0,unverified,Imported from sensor_history(2).csv,2026-08-15 00:09:26
2026-08-15 00:09:31,30.98,50.38,2051,0,unverified,Imported from sensor_history(2).csv,2026-08-15 00:09:31
2026-08-15 00:09:36,30.92,50.21,2051,0,unverified,Imported from sensor_history(2).csv,2026-08-15 00:09:36
2026-08-15 00:09:42,31.06,50.22,2038,0,unverified,Imported from sensor_history(2).csv,2026-08-15 00:09:42
2026-08-15 00:09:47,31.04,50.19,2025,0,unverified,Imported from sensor_history(2).csv,2026-08-15 00:09:47
2026-08-15 00:09:51,31.01,49.93,2017,0,unverified,Imported from sensor_history(2).csv,2026-08-15 00:09:51
2026-08-15 00:09:56,30.98,49.67,2010,0,unverified,Imported from sensor_history(2).csv,2026-08-15 00:09:56
2026-08-15 00:10:01,31.05,49.8,2006,0,unverified,Imported from sensor_history(2).csv,2026-08-15 00:10:01
2026-08-15 00:10:06,31.09,49.35,2012,0,unverified,Imported from sensor_history(2).csv,2026-08-15 00:10:06
2026-08-15 00:10:12,31.13,49.44,2012,0,unverified,Imported from sensor_history(2).csv,2026-08-15 00:10:12
2026-08-15 00:10:16,31.18,49.4,2014,0,unverified,Imported from sensor_history(2).csv,2026-08-15 00:10:16
2026-08-15 00:10:21,31.39,49.68,2005,0,unverified,Imported from sensor_history(2).csv,2026-08-15 00:10:21
2026-08-15 00:10:26,31.33,49.62,2003,0,unverified,Imported from sensor_history(2).csv,2026-08-15 00:10:26
2026-08-15 00:10:30,31.27,49.77,2010,0,unverified,Imported from sensor_history(2).csv,2026-08-15 00:10:30
2026-08-15 00:10:35,31.18,49.72,2016,0,unverified,Imported from sensor_history(2).csv,2026-08-15 00:10:35
2026-08-15 00:10:40,31.24,49.76,2011,0,unverified,Imported from sensor_history(2).csv,2026-08-15 00:10:40
2026-08-15 00:10:45,31.35,49.91,2013,0,unverified,Imported from sensor_history(2).csv,2026-08-15 00:10:45
2026-08-15 00:10:50,31.33,49.84,2032,0,unverified,Imported from sensor_history(2).csv,2026-08-15 00:10:50
2026-08-15 00:10:55,31.24,50.03,2031,0,unverified,Imported from sensor_history(2).csv,2026-08-15 00:10:55
2026-08-15 00:11:00,31.15,49.85,2025,0,unverified,Imported from sensor_history(2).csv,2026-08-15 00:11:00
2026-08-15 00:11:05,31.22,49.92,2024,0,unverified,Imported from sensor_history(2).csv,2026-08-15 00:11:05
2026-08-15 00:11:10,31.3,50.09,2025,0,unverified,Imported from sensor_history(2).csv,2026-08-15 00:11:10
2026-08-15 00:11:15,31.35,50.2,2024,0,unverified,Imported from sensor_history(2).csv,2026-08-15 00:11:15
2026-08-15 00:11:19,31.27,50.53,2024,0,unverified,Imported from sensor_history(2).csv,2026-08-15 00:11:19
2026-08-15 00:11:25,31.3,50.35,2012,0,unverified,Imported from sensor_history(2).csv,2026-08-15 00:11:25
2026-08-15 00:11:30,31.31,50.08,2006,0,unverified,Imported from sensor_history(2).csv,2026-08-15 00:11:30
2026-08-15 00:11:35,31.33,49.89,2006,0,unverified,Imported from sensor_history(2).csv,2026-08-15 00:11:35
2026-08-15 00:11:39,31.41,50.02,2007,0,unverified,Imported from sensor_history(2).csv,2026-08-15 00:11:39
2026-08-15 00:11:44,31.42,50.11,2004,0,unverified,Imported from sensor_history(2).csv,2026-08-15 00:11:44
2026-08-15 00:11:49,31.48,50.12,2004,0,unverified,Imported from sensor_history(2).csv,2026-08-15 00:11:49
2026-08-15 00:11:54,31.47,49.9,2006,0,unverified,Imported from sensor_history(2).csv,2026-08-15 00:11:54
2026-08-15 00:11:59,31.49,50.05,2015,0,unverified,Imported from sensor_history(2).csv,2026-08-15 00:11:59
2026-08-15 00:12:04,31.54,49.82,2015,0,unverified,Imported from sensor_history(2).csv,2026-08-15 00:12:04
2026-08-15 00:12:09,31.37,50.04,2019,0,unverified,Imported from sensor_history(2).csv,2026-08-15 00:12:09
2026-08-15 00:12:14,31.34,50.55,2015,0,unverified,Imported from sensor_history(2).csv,2026-08-15 00:12:14
2026-08-15 00:12:18,31.29,50.57,2021,0,unverified,Imported from sensor_history(2).csv,2026-08-15 00:12:18
2026-08-15 00:12:23,31.23,50.63,2024,0,unverified,Imported from sensor_history(2).csv,2026-08-15 00:12:23
2026-08-15 00:12:29,31.21,50.49,2031,0,unverified,Imported from sensor_history(2).csv,2026-08-15 00:12:29
2026-08-15 00:12:35,31.37,50.12,2036,0,unverified,Imported from sensor_history(2).csv,2026-08-15 00:12:35
2026-08-15 00:12:40,31.29,50.0,2040,0,unverified,Imported from sensor_history(2).csv,2026-08-15 00:12:40
2026-08-15 00:12:45,31.39,49.8,2038,0,unverified,Imported from sensor_history(2).csv,2026-08-15 00:12:45
2026-08-15 00:12:49,31.22,49.55,2039,0,unverified,Imported from sensor_history(2).csv,2026-08-15 00:12:49
2026-08-15 00:12:54,31.2,49.9,2046,0,unverified,Imported from sensor_history(2).csv,2026-08-15 00:12:54
2026-08-15 00:12:59,31.23,49.95,2039,0,unverified,Imported from sensor_history(2).csv,2026-08-15 00:12:59
2026-08-15 00:13:04,31.3,50.02,2033,0,unverified,Imported from sensor_history(2).csv,2026-08-15 00:13:04
2026-08-15 00:13:09,31.38,49.96,2033,0,unverified,Imported from sensor_history(2).csv,2026-08-15 00:13:09
2026-08-15 00:13:15,31.46,49.92,2036,0,unverified,Imported from sensor_history(2).csv,2026-08-15 00:13:15
2026-08-15 00:13:20,31.42,50.1,2028,0,unverified,Imported from sensor_history(2).csv,2026-08-15 00:13:20
2026-08-15 00:13:25,31.38,50.08,2027,0,unverified,Imported from sensor_history(2).csv,2026-08-15 00:13:25
2026-08-15 00:13:29,31.47,50.16,2025,0,unverified,Imported from sensor_history(2).csv,2026-08-15 00:13:29
2026-08-15 00:13:34,31.44,50.11,2007,0,unverified,Imported from sensor_history(2).csv,2026-08-15 00:13:34
2026-08-15 00:13:39,31.32,50.03,2007,0,unverified,Imported from sensor_history(2).csv,2026-08-15 00:13:39
2026-08-15 00:13:45,31.21,49.77,2006,0,unverified,Imported from sensor_history(2).csv,2026-08-15 00:13:45
2026-08-15 00:13:50,31.14,49.42,2006,0,unverified,Imported from sensor_history(2).csv,2026-08-15 00:13:50
2026-08-15 00:13:55,31.21,49.41,2018,0,unverified,Imported from sensor_history(2).csv,2026-08-15 00:13:55
2026-08-15 00:14:00,31.25,49.46,2008,0,unverified,Imported from sensor_history(2).csv,2026-08-15 00:14:00
2026-08-15 00:14:05,31.33,49.26,2002,0,unverified,Imported from sensor_history(2).csv,2026-08-15 00:14:05
2026-08-15 00:14:09,31.3,49.31,1983,0,unverified,Imported from sensor_history(2).csv,2026-08-15 00:14:09
2026-08-15 00:14:14,31.33,49.36,1981,0,unverified,Imported from sensor_history(2).csv,2026-08-15 00:14:14
2026-08-15 00:14:20,31.41,49.02,1981,0,unverified,Imported from sensor_history(2).csv,2026-08-15 00:14:20
2026-08-15 00:14:25,31.38,48.92,1980,0,unverified,Imported from sensor_history(2).csv,2026-08-15 00:14:25
2026-08-15 00:14:30,31.43,49.07,1991,0,unverified,Imported from sensor_history(2).csv,2026-08-15 00:14:30
2026-08-15 00:14:35,31.37,49.2,2000,0,unverified,Imported from sensor_history(2).csv,2026-08-15 00:14:35
2026-08-15 00:14:39,31.35,49.04,2001,0,unverified,Imported from sensor_history(2).csv,2026-08-15 00:14:39
2026-08-15 00:14:44,31.32,49.14,1999,0,unverified,Imported from sensor_history(2).csv,2026-08-15 00:14:44
2026-08-15 00:14:50,31.22,49.38,2008,0,unverified,Imported from sensor_history(2).csv,2026-08-15 00:14:50
2026-08-15 00:14:54,31.29,49.55,2008,0,unverified,Imported from sensor_history(2).csv,2026-08-15 00:14:54
2026-08-15 00:14:59,31.26,49.56,2002,0,unverified,Imported from sensor_history(2).csv,2026-08-15 00:14:59
2026-08-15 00:15:04,31.28,49.49,1989,0,unverified,Imported from sensor_history(2).csv,2026-08-15 00:15:04
2026-08-15 00:15:09,31.35,49.4,1987,0,unverified,Imported from sensor_history(2).csv,2026-08-15 00:15:09
2026-08-15 00:15:15,31.41,49.52,1994,0,unverified,Imported from sensor_history(2).csv,2026-08-15 00:15:15
2026-08-15 00:15:20,31.48,49.58,2014,0,unverified,Imported from sensor_history(2).csv,2026-08-15 00:15:20
2026-08-15 00:15:25,31.48,49.71,2013,0,unverified,Imported from sensor_history(2).csv,2026-08-15 00:15:25
2026-08-15 00:15:31,31.44,49.73,2007,0,unverified,Imported from sensor_history(2).csv,2026-08-15 00:15:31
2026-08-15 00:15:35,31.44,49.88,1997,0,unverified,Imported from sensor_history(2).csv,2026-08-15 00:15:35
2026-08-15 00:15:40,31.28,49.89,2002,0,unverified,Imported from sensor_history(2).csv,2026-08-15 00:15:40
2026-08-15 00:15:44,31.16,50.02,1988,0,unverified,Imported from sensor_history(2).csv,2026-08-15 00:15:44
2026-08-15 00:15:49,31.06,50.15,1993,0,unverified,Imported from sensor_history(2).csv,2026-08-15 00:15:49
2026-08-15 00:15:54,31.0,49.98,2001,0,unverified,Imported from sensor_history(2).csv,2026-08-15 00:15:54
2026-08-15 00:15:59,31.08,49.63,2004,0,unverified,Imported from sensor_history(2).csv,2026-08-15 00:15:59
2026-08-15 00:16:04,31.03,49.91,2002,0,unverified,Imported from sensor_history(2).csv,2026-08-15 00:16:04
2026-08-15 00:16:09,31.03,49.94,2006,0,unverified,Imported from sensor_history(2).csv,2026-08-15 00:16:09
2026-08-15 00:16:14,31.21,49.62,2007,0,unverified,Imported from sensor_history(2).csv,2026-08-15 00:16:14
2026-08-15 00:16:19,31.2,49.49,2000,0,unverified,Imported from sensor_history(2).csv,2026-08-15 00:16:19
2026-08-15 00:16:25,31.3,49.65,2015,0,unverified,Imported from sensor_history(2).csv,2026-08-15 00:16:25
2026-08-15 00:16:29,31.23,49.6,2010,0,unverified,Imported from sensor_history(2).csv,2026-08-15 00:16:29
2026-08-15 00:16:34,31.24,49.51,2015,0,unverified,Imported from sensor_history(2).csv,2026-08-15 00:16:34
2026-08-15 00:16:38,31.17,49.77,1994,0,unverified,Imported from sensor_history(2).csv,2026-08-15 00:16:38
2026-08-15 00:16:43,31.17,49.57,2005,0,unverified,Imported from sensor_history(2).csv,2026-08-15 00:16:43
2026-08-15 00:16:48,31.29,49.44,2015,0,unverified,Imported from sensor_history(2).csv,2026-08-15 00:16:48
2026-08-15 00:16:52,31.14,49.49,2014,0,unverified,Imported from sensor_history(2).csv,2026-08-15 00:16:52
2026-08-15 00:16:57,31.22,49.57,2016,0,unverified,Imported from sensor_history(2).csv,2026-08-15 00:16:57
2026-08-15 00:17:02,31.27,49.66,2019,0,unverified,Imported from sensor_history(2).csv,2026-08-15 00:17:02
2026-08-15 00:17:08,31.24,49.82,2012,0,unverified,Imported from sensor_history(2).csv,2026-08-15 00:17:08
2026-08-15 00:17:13,31.12,49.84,2014,0,unverified,Imported from sensor_history(2).csv,2026-08-15 00:17:13
2026-08-15 00:17:18,31.17,49.9,2006,0,unverified,Imported from sensor_history(2).csv,2026-08-15 00:17:18
2026-08-15 00:17:23,31.15,49.83,1999,0,unverified,Imported from sensor_history(2).csv,2026-08-15 00:17:23
2026-08-15 00:17:28,31.21,49.82,2007,0,unverified,Imported from sensor_history(2).csv,2026-08-15 00:17:28
2026-08-15 00:17:32,31.24,49.81,2014,0,unverified,Imported from sensor_history(2).csv,2026-08-15 00:17:32
2026-08-15 00:17:37,31.43,49.83,2006,0,unverified,Imported from sensor_history(2).csv,2026-08-15 00:17:37
2026-08-15 00:17:42,31.42,49.94,1998,0,unverified,Imported from sensor_history(2).csv,2026-08-15 00:17:42
2026-08-15 00:17:48,31.33,50.01,1992,0,unverified,Imported from sensor_history(2).csv,2026-08-15 00:17:48
2026-08-15 00:17:53,31.37,49.98,1997,0,unverified,Imported from sensor_history(2).csv,2026-08-15 00:17:53
2026-08-15 00:17:58,31.41,49.79,1988,0,unverified,Imported from sensor_history(2).csv,2026-08-15 00:17:58
2026-08-15 00:18:03,31.56,49.78,1991,0,unverified,Imported from sensor_history(2).csv,2026-08-15 00:18:03
2026-08-15 00:18:08,31.65,49.75,1996,0,unverified,Imported from sensor_history(2).csv,2026-08-15 00:18:08
2026-08-15 00:18:13,31.68,49.76,1994,0,unverified,Imported from sensor_history(2).csv,2026-08-15 00:18:13
2026-08-15 00:18:18,31.82,50.13,2001,0,unverified,Imported from sensor_history(2).csv,2026-08-15 00:18:18
2026-08-15 00:18:23,31.69,49.98,1997,0,unverified,Imported from sensor_history(2).csv,2026-08-15 00:18:23
2026-08-15 00:18:28,31.62,50.01,1994,0,unverified,Imported from sensor_history(2).csv,2026-08-15 00:18:28
2026-08-15 00:18:33,31.52,50.15,1985,0,unverified,Imported from sensor_history(2).csv,2026-08-15 00:18:33
2026-08-15 00:18:38,31.49,50.11,1993,0,unverified,Imported from sensor_history(2).csv,2026-08-15 00:18:38
2026-08-15 00:18:43,31.36,50.47,1986,0,unverified,Imported from sensor_history(2).csv,2026-08-15 00:18:43
2026-08-15 00:18:49,31.45,50.31,1988,0,unverified,Imported from sensor_history(2).csv,2026-08-15 00:18:49
2026-08-15 00:18:55,31.44,50.3,1987,0,unverified,Imported from sensor_history(2).csv,2026-08-15 00:18:55
2026-08-15 00:18:59,31.3,50.08,1977,0,unverified,Imported from sensor_history(2).csv,2026-08-15 00:18:59
2026-08-15 00:19:04,31.22,49.95,1973,0,unverified,Imported from sensor_history(2).csv,2026-08-15 00:19:04
2026-08-15 00:19:09,31.29,49.95,1984,0,unverified,Imported from sensor_history(2).csv,2026-08-15 00:19:09
2026-08-15 00:19:14,31.4,50.05,1985,0,unverified,Imported from sensor_history(2).csv,2026-08-15 00:19:14
2026-08-15 00:19:19,31.61,50.04,1976,0,unverified,Imported from sensor_history(2).csv,2026-08-15 00:19:19
2026-08-15 00:19:24,31.9,50.21,1979,0,unverified,Imported from sensor_history(2).csv,2026-08-15 00:19:24
2026-08-15 00:19:30,31.92,50.12,1977,0,unverified,Imported from sensor_history(2).csv,2026-08-15 00:19:30
2026-08-15 00:19:34,31.8,49.99,2005,0,unverified,Imported from sensor_history(2).csv,2026-08-15 00:19:34
2026-08-15 00:19:39,31.57,50.41,2005,0,unverified,Imported from sensor_history(2).csv,2026-08-15 00:19:39
2026-08-15 00:19:44,31.6,50.39,1999,0,unverified,Imported from sensor_history(2).csv,2026-08-15 00:19:44
2026-08-15 00:19:48,31.52,50.17,2009,0,unverified,Imported from sensor_history(2).csv,2026-08-15 00:19:48
2026-08-15 00:19:54,31.48,49.96,1991,0,unverified,Imported from sensor_history(2).csv,2026-08-15 00:19:54
2026-08-15 00:19:59,31.43,49.73,1991,0,unverified,Imported from sensor_history(2).csv,2026-08-15 00:19:59
2026-08-15 00:20:05,31.43,49.85,2005,0,unverified,Imported from sensor_history(2).csv,2026-08-15 00:20:05
2026-08-15 00:20:10,31.55,49.73,2002,0,unverified,Imported from sensor_history(2).csv,2026-08-15 00:20:10
2026-08-15 00:20:15,31.57,49.71,1986,0,unverified,Imported from sensor_history(2).csv,2026-08-15 00:20:15
2026-08-15 00:20:19,31.55,49.65,1982,0,unverified,Imported from sensor_history(2).csv,2026-08-15 00:20:19
2026-08-15 00:20:24,31.45,49.74,1993,0,unverified,Imported from sensor_history(2).csv,2026-08-15 00:20:24
2026-08-15 00:20:30,31.29,49.54,1994,0,unverified,Imported from sensor_history(2).csv,2026-08-15 00:20:30
2026-08-15 00:20:35,31.27,49.31,1986,0,unverified,Imported from sensor_history(2).csv,2026-08-15 00:20:35
2026-08-15 00:20:40,31.29,49.33,1979,0,unverified,Imported from sensor_history(2).csv,2026-08-15 00:20:40
2026-08-15 00:20:45,31.49,49.41,1974,0,unverified,Imported from sensor_history(2).csv,2026-08-15 00:20:45
2026-08-15 00:20:50,31.51,49.45,1977,0,unverified,Imported from sensor_history(2).csv,2026-08-15 00:20:50
2026-08-15 00:20:55,31.61,49.27,1988,0,unverified,Imported from sensor_history(2).csv,2026-08-15 00:20:55
2026-08-15 00:21:00,31.56,49.37,1995,0,unverified,Imported from sensor_history(2).csv,2026-08-15 00:21:00
2026-08-15 00:21:05,31.44,49.2,1997,0,unverified,Imported from sensor_history(2).csv,2026-08-15 00:21:05
2026-08-15 00:21:10,31.35,49.09,1984,0,unverified,Imported from sensor_history(2).csv,2026-08-15 00:21:10
2026-08-15 00:21:15,31.3,48.91,1973,0,unverified,Imported from sensor_history(2).csv,2026-08-15 00:21:15
2026-08-15 00:21:19,31.53,49.15,1977,0,unverified,Imported from sensor_history(2).csv,2026-08-15 00:21:19
2026-08-15 00:21:24,31.45,49.25,1966,0,unverified,Imported from sensor_history(2).csv,2026-08-15 00:21:24
2026-08-15 00:21:29,31.54,49.33,1965,0,unverified,Imported from sensor_history(2).csv,2026-08-15 00:21:29
2026-08-15 00:21:35,31.45,49.52,1968,0,unverified,Imported from sensor_history(2).csv,2026-08-15 00:21:35
2026-08-15 00:21:40,31.55,49.98,1960,0,unverified,Imported from sensor_history(2).csv,2026-08-15 00:21:40
2026-08-15 00:21:46,31.59,49.58,1953,0,unverified,Imported from sensor_history(2).csv,2026-08-15 00:21:46
2026-08-15 00:21:51,31.57,49.39,1954,0,unverified,Imported from sensor_history(2).csv,2026-08-15 00:21:51
2026-08-15 00:21:56,31.56,49.24,1960,0,unverified,Imported from sensor_history(2).csv,2026-08-15 00:21:56
2026-08-15 00:22:01,31.49,49.05,1970,0,unverified,Imported from sensor_history(2).csv,2026-08-15 00:22:01
2026-08-15 00:22:06,31.54,48.84,1975,0,unverified,Imported from sensor_history(2).csv,2026-08-15 00:22:06
2026-08-15 00:22:10,31.49,48.78,1976,0,unverified,Imported from sensor_history(2).csv,2026-08-15 00:22:10
2026-08-15 00:22:15,31.37,48.57,1970,0,unverified,Imported from sensor_history(2).csv,2026-08-15 00:22:15
2026-08-15 00:22:20,31.26,48.64,1962,0,unverified,Imported from sensor_history(2).csv,2026-08-15 00:22:20
2026-08-15 00:22:25,31.29,48.66,1959,0,unverified,Imported from sensor_history(2).csv,2026-08-15 00:22:25
2026-08-15 00:22:30,31.47,48.75,1964,0,unverified,Imported from sensor_history(2).csv,2026-08-15 00:22:30
2026-08-15 00:22:34,31.49,48.84,1968,0,unverified,Imported from sensor_history(2).csv,2026-08-15 00:22:34
2026-08-15 00:22:39,31.48,48.94,1952,0,unverified,Imported from sensor_history(2).csv,2026-08-15 00:22:39
2026-08-15 00:22:45,31.51,48.86,1950,0,unverified,Imported from sensor_history(2).csv,2026-08-15 00:22:45
2026-08-15 00:22:51,31.63,49.22,1960,0,unverified,Imported from sensor_history(2).csv,2026-08-15 00:22:51
2026-08-15 00:22:55,31.64,49.22,1963,0,unverified,Imported from sensor_history(2).csv,2026-08-15 00:22:55
2026-08-15 00:23:00,31.59,48.84,1953,0,unverified,Imported from sensor_history(2).csv,2026-08-15 00:23:00
2026-08-15 00:23:04,31.69,48.64,1974,0,unverified,Imported from sensor_history(2).csv,2026-08-15 00:23:04
2026-08-15 00:23:10,31.72,48.33,1974,0,unverified,Imported from sensor_history(2).csv,2026-08-15 00:23:10
2026-08-15 00:23:15,31.85,48.35,1978,0,unverified,Imported from sensor_history(2).csv,2026-08-15 00:23:15
2026-08-15 00:23:20,31.84,48.35,1982,0,unverified,Imported from sensor_history(2).csv,2026-08-15 00:23:20
2026-08-15 00:23:25,31.68,48.28,1979,0,unverified,Imported from sensor_history(2).csv,2026-08-15 00:23:25
2026-08-15 00:23:30,31.53,48.67,1974,0,unverified,Imported from sensor_history(2).csv,2026-08-15 00:23:30
2026-08-15 00:23:35,31.68,48.76,1992,0,unverified,Imported from sensor_history(2).csv,2026-08-15 00:23:35
2026-08-15 00:23:40,31.84,48.87,1999,0,unverified,Imported from sensor_history(2).csv,2026-08-15 00:23:40
2026-08-15 00:23:46,31.79,48.67,2005,0,unverified,Imported from sensor_history(2).csv,2026-08-15 00:23:46
2026-08-15 00:23:50,31.72,48.48,2008,0,unverified,Imported from sensor_history(2).csv,2026-08-15 00:23:50
2026-08-15 00:23:55,31.84,48.48,1999,0,unverified,Imported from sensor_history(2).csv,2026-08-15 00:23:55
2026-08-15 00:24:00,31.7,48.51,2008,0,unverified,Imported from sensor_history(2).csv,2026-08-15 00:24:00
2026-08-15 00:24:06,31.58,48.17,2000,0,unverified,Imported from sensor_history(2).csv,2026-08-15 00:24:06
2026-08-15 00:24:10,31.63,48.16,2001,0,unverified,Imported from sensor_history(2).csv,2026-08-15 00:24:10
2026-08-15 00:24:15,31.57,48.18,1987,0,unverified,Imported from sensor_history(2).csv,2026-08-15 00:24:15
2026-08-15 00:24:20,31.56,48.16,1971,0,unverified,Imported from sensor_history(2).csv,2026-08-15 00:24:20
2026-08-15 00:24:25,31.53,48.03,1976,0,unverified,Imported from sensor_history(2).csv,2026-08-15 00:24:25
2026-08-15 00:24:30,31.55,47.96,1971,0,unverified,Imported from sensor_history(2).csv,2026-08-15 00:24:30
2026-08-15 00:24:35,31.68,47.96,1957,0,unverified,Imported from sensor_history(2).csv,2026-08-15 00:24:35
2026-08-15 00:24:40,31.66,48.0,1964,0,unverified,Imported from sensor_history(2).csv,2026-08-15 00:24:40
2026-08-15 00:24:44,31.7,48.14,1983,0,unverified,Imported from sensor_history(2).csv,2026-08-15 00:24:44
2026-08-15 00:24:49,31.47,48.34,1996,0,unverified,Imported from sensor_history(2).csv,2026-08-15 00:24:49
2026-08-15 00:24:54,31.45,48.29,1994,0,unverified,Imported from sensor_history(2).csv,2026-08-15 00:24:54
2026-08-15 00:24:59,31.36,48.2,1994,0,unverified,Imported from sensor_history(2).csv,2026-08-15 00:24:59
2026-08-15 00:25:04,31.23,48.28,2002,0,unverified,Imported from sensor_history(2).csv,2026-08-15 00:25:04
2026-08-15 00:25:08,31.15,48.39,2010,0,unverified,Imported from sensor_history(2).csv,2026-08-15 00:25:08
2026-08-15 00:25:14,31.13,48.3,2007,0,unverified,Imported from sensor_history(2).csv,2026-08-15 00:25:14
2026-08-15 00:25:18,31.24,48.43,2007,0,unverified,Imported from sensor_history(2).csv,2026-08-15 00:25:18
2026-08-15 00:25:23,31.11,48.59,2009,0,unverified,Imported from sensor_history(2).csv,2026-08-15 00:25:23
2026-08-15 00:25:28,31.13,48.79,2013,0,unverified,Imported from sensor_history(2).csv,2026-08-15 00:25:28
2026-08-15 00:25:34,31.09,49.05,2011,0,unverified,Imported from sensor_history(2).csv,2026-08-15 00:25:34
2026-08-15 00:25:39,31.08,48.82,2009,0,unverified,Imported from sensor_history(2).csv,2026-08-15 00:25:39
2026-08-15 00:25:44,31.19,48.77,2020,0,unverified,Imported from sensor_history(2).csv,2026-08-15 00:25:44
2026-08-15 00:25:49,31.25,48.72,2028,0,unverified,Imported from sensor_history(2).csv,2026-08-15 00:25:49
2026-08-15 00:25:54,31.39,48.65,2030,0,unverified,Imported from sensor_history(2).csv,2026-08-15 00:25:54
2026-08-15 00:25:59,31.36,48.48,2042,0,unverified,Imported from sensor_history(2).csv,2026-08-15 00:25:59
2026-08-15 00:26:03,31.28,48.18,2036,0,unverified,Imported from sensor_history(2).csv,2026-08-15 00:26:03
2026-08-15 00:26:08,31.25,48.19,2047,0,unverified,Imported from sensor_history(2).csv,2026-08-15 00:26:08
2026-08-15 00:26:14,31.28,48.03,2048,0,unverified,Imported from sensor_history(2).csv,2026-08-15 00:26:14
2026-08-15 00:26:19,31.29,48.05,2072,0,unverified,Imported from sensor_history(2).csv,2026-08-15 00:26:19
2026-08-15 00:26:24,31.17,47.9,2057,0,unverified,Imported from sensor_history(2).csv,2026-08-15 00:26:24
2026-08-15 00:26:29,31.19,47.7,2048,0,unverified,Imported from sensor_history(2).csv,2026-08-15 00:26:29
2026-08-15 00:26:34,31.21,47.76,2048,0,unverified,Imported from sensor_history(2).csv,2026-08-15 00:26:34
2026-08-15 00:26:39,31.46,47.8,2049,0,unverified,Imported from sensor_history(2).csv,2026-08-15 00:26:39
2026-08-15 00:26:44,31.63,47.92,2061,0,unverified,Imported from sensor_history(2).csv,2026-08-15 00:26:44
2026-08-15 00:26:49,31.5,48.31,2052,0,unverified,Imported from sensor_history(2).csv,2026-08-15 00:26:49
2026-08-15 00:26:54,31.45,48.32,2056,0,unverified,Imported from sensor_history(2).csv,2026-08-15 00:26:54
2026-08-15 00:26:58,31.28,48.37,2062,0,unverified,Imported from sensor_history(2).csv,2026-08-15 00:26:58
2026-08-15 00:27:04,31.21,48.14,2064,0,unverified,Imported from sensor_history(2).csv,2026-08-15 00:27:04
2026-08-15 00:27:09,31.24,47.88,2053,0,unverified,Imported from sensor_history(2).csv,2026-08-15 00:27:09
2026-08-15 00:27:14,31.35,48.16,2061,0,unverified,Imported from sensor_history(2).csv,2026-08-15 00:27:14
2026-08-15 00:27:19,31.26,47.96,2068,0,unverified,Imported from sensor_history(2).csv,2026-08-15 00:27:19
2026-08-15 00:27:23,31.18,47.76,2068,0,unverified,Imported from sensor_history(2).csv,2026-08-15 00:27:23
2026-08-15 00:27:29,30.96,47.75,2066,0,unverified,Imported from sensor_history(2).csv,2026-08-15 00:27:29
2026-08-15 00:27:34,30.95,47.74,2064,0,unverified,Imported from sensor_history(2).csv,2026-08-15 00:27:34
2026-08-15 00:27:39,30.86,47.57,2060,0,unverified,Imported from sensor_history(2).csv,2026-08-15 00:27:39
2026-08-15 00:27:45,30.82,47.53,2062,0,unverified,Imported from sensor_history(2).csv,2026-08-15 00:27:45
2026-08-15 00:27:49,30.76,47.76,2059,0,unverified,Imported from sensor_history(2).csv,2026-08-15 00:27:49
2026-08-15 00:27:54,30.77,47.61,2049,0,unverified,Imported from sensor_history(2).csv,2026-08-15 00:27:54
2026-08-15 00:27:59,30.62,47.36,2038,0,unverified,Imported from sensor_history(2).csv,2026-08-15 00:27:59
2026-08-15 00:28:05,30.51,47.56,2031,0,unverified,Imported from sensor_history(2).csv,2026-08-15 00:28:05
2026-08-15 00:28:09,30.76,47.65,2032,0,unverified,Imported from sensor_history(2).csv,2026-08-15 00:28:09
2026-08-15 00:28:15,30.66,47.54,2031,0,unverified,Imported from sensor_history(2).csv,2026-08-15 00:28:15
2026-08-15 00:28:20,30.58,47.26,2032,0,unverified,Imported from sensor_history(2).csv,2026-08-15 00:28:20
2026-08-15 00:28:25,30.79,47.15,2036,0,unverified,Imported from sensor_history(2).csv,2026-08-15 00:28:25
2026-08-15 00:28:30,31.1,47.17,2030,0,unverified,Imported from sensor_history(2).csv,2026-08-15 00:28:30
2026-08-15 00:28:35,30.98,47.41,2041,0,unverified,Imported from sensor_history(2).csv,2026-08-15 00:28:35
2026-08-15 00:28:40,30.94,47.23,2037,0,unverified,Imported from sensor_history(2).csv,2026-08-15 00:28:40
2026-08-15 00:28:45,30.98,47.24,2033,0,unverified,Imported from sensor_history(2).csv,2026-08-15 00:28:45
2026-08-15 00:28:50,31.15,47.38,2036,0,unverified,Imported from sensor_history(2).csv,2026-08-15 00:28:50
2026-08-15 00:28:55,31.04,46.96,2021,0,unverified,Imported from sensor_history(2).csv,2026-08-15 00:28:55
2026-08-15 00:29:00,31.01,47.19,2015,0,unverified,Imported from sensor_history(2).csv,2026-08-15 00:29:00
2026-08-15 00:29:05,31.08,47.0,2023,0,unverified,Imported from sensor_history(2).csv,2026-08-15 00:29:05
2026-08-15 00:29:10,31.11,47.09,2010,0,unverified,Imported from sensor_history(2).csv,2026-08-15 00:29:10
2026-08-15 00:29:15,31.06,47.16,2020,0,unverified,Imported from sensor_history(2).csv,2026-08-15 00:29:15
2026-08-15 00:29:21,31.03,47.37,2032,0,unverified,Imported from sensor_history(2).csv,2026-08-15 00:29:21
2026-08-15 00:29:26,30.89,47.47,2029,0,unverified,Imported from sensor_history(2).csv,2026-08-15 00:29:26
2026-08-15 00:29:31,30.86,47.04,2031,0,unverified,Imported from sensor_history(2).csv,2026-08-15 00:29:31
2026-08-15 00:29:36,30.84,46.92,2040,0,unverified,Imported from sensor_history(2).csv,2026-08-15 00:29:36
2026-08-15 00:29:40,30.87,46.98,2035,0,unverified,Imported from sensor_history(2).csv,2026-08-15 00:29:40
2026-08-15 00:29:45,30.81,46.97,2041,0,unverified,Imported from sensor_history(2).csv,2026-08-15 00:29:45
2026-08-15 00:29:50,30.86,47.08,2035,0,unverified,Imported from sensor_history(2).csv,2026-08-15 00:29:50
2026-08-15 00:29:55,30.96,47.24,2030,0,unverified,Imported from sensor_history(2).csv,2026-08-15 00:29:55
2026-08-15 00:30:00,30.97,47.35,2023,0,unverified,Imported from sensor_history(2).csv,2026-08-15 00:30:00
2026-08-15 00:30:05,30.99,47.31,2026,0,unverified,Imported from sensor_history(2).csv,2026-08-15 00:30:05
2026-08-15 00:30:10,30.99,46.97,2036,0,unverified,Imported from sensor_history(2).csv,2026-08-15 00:30:10
2026-08-15 00:30:16,30.97,46.91,2033,0,unverified,Imported from sensor_history(2).csv,2026-08-15 00:30:16
2026-08-15 00:30:21,30.89,47.01,2023,0,unverified,Imported from sensor_history(2).csv,2026-08-15 00:30:21
2026-08-15 00:30:26,30.91,46.83,2014,0,unverified,Imported from sensor_history(2).csv,2026-08-15 00:30:26
2026-08-15 00:30:31,30.89,46.97,2018,0,unverified,Imported from sensor_history(2).csv,2026-08-15 00:30:31
2026-08-15 00:30:36,31.09,47.15,2034,0,unverified,Imported from sensor_history(2).csv,2026-08-15 00:30:36
2026-08-15 00:30:42,31.23,47.17,2036,0,unverified,Imported from sensor_history(2).csv,2026-08-15 00:30:42
2026-08-15 00:30:46,31.23,46.62,2032,0,unverified,Imported from sensor_history(2).csv,2026-08-15 00:30:46
2026-08-15 00:30:52,31.11,46.43,2038,0,unverified,Imported from sensor_history(2).csv,2026-08-15 00:30:52
2026-08-15 00:30:57,30.97,46.82,2035,0,unverified,Imported from sensor_history(2).csv,2026-08-15 00:30:57
2026-08-15 00:31:02,31.07,46.74,2031,0,unverified,Imported from sensor_history(2).csv,2026-08-15 00:31:02
2026-08-15 00:31:07,31.07,46.41,2023,0,unverified,Imported from sensor_history(2).csv,2026-08-15 00:31:07
2026-08-15 00:31:12,31.09,46.69,2034,0,unverified,Imported from sensor_history(2).csv,2026-08-15 00:31:12
2026-08-15 00:31:17,30.89,46.72,2013,0,unverified,Imported from sensor_history(2).csv,2026-08-15 00:31:17
2026-08-15 00:31:22,30.97,46.94,2020,0,unverified,Imported from sensor_history(2).csv,2026-08-15 00:31:22
2026-08-15 00:31:26,30.99,47.0,2017,0,unverified,Imported from sensor_history(2).csv,2026-08-15 00:31:26
2026-08-15 00:31:31,30.85,47.08,2014,0,unverified,Imported from sensor_history(2).csv,2026-08-15 00:31:31
2026-08-15 00:31:36,30.79,47.14,2028,0,unverified,Imported from sensor_history(2).csv,2026-08-15 00:31:36
2026-08-15 00:31:41,30.81,47.25,2022,0,unverified,Imported from sensor_history(2).csv,2026-08-15 00:31:41
2026-08-15 00:31:46,30.8,47.64,2016,0,unverified,Imported from sensor_history(2).csv,2026-08-15 00:31:46
2026-08-15 00:31:51,30.76,47.76,2015,0,unverified,Imported from sensor_history(2).csv,2026-08-15 00:31:51
2026-08-15 00:31:56,30.74,47.41,2019,0,unverified,Imported from sensor_history(2).csv,2026-08-15 00:31:56
2026-08-15 00:32:00,30.71,47.45,2016,0,unverified,Imported from sensor_history(2).csv,2026-08-15 00:32:00
2026-08-15 00:32:05,30.72,47.61,2003,0,unverified,Imported from sensor_history(2).csv,2026-08-15 00:32:05
2026-08-15 00:32:11,30.86,47.77,1998,0,unverified,Imported from sensor_history(2).csv,2026-08-15 00:32:11
2026-08-15 00:32:16,30.58,47.62,2009,0,unverified,Imported from sensor_history(2).csv,2026-08-15 00:32:16
2026-08-15 00:32:21,30.56,47.77,2011,0,unverified,Imported from sensor_history(2).csv,2026-08-15 00:32:21
2026-08-15 00:32:26,30.58,47.86,2015,0,unverified,Imported from sensor_history(2).csv,2026-08-15 00:32:26
2026-08-15 00:32:30,30.61,48.24,2013,0,unverified,Imported from sensor_history(2).csv,2026-08-15 00:32:30
2026-08-15 00:32:35,30.57,47.99,2008,0,unverified,Imported from sensor_history(2).csv,2026-08-15 00:32:35
2026-08-15 00:32:41,30.39,47.81,2022,0,unverified,Imported from sensor_history(2).csv,2026-08-15 00:32:41
2026-08-15 00:32:46,30.44,47.67,2020,0,unverified,Imported from sensor_history(2).csv,2026-08-15 00:32:46
2026-08-15 00:32:51,30.62,47.51,2016,0,unverified,Imported from sensor_history(2).csv,2026-08-15 00:32:51
2026-08-15 00:32:56,30.46,47.29,2024,0,unverified,Imported from sensor_history(2).csv,2026-08-15 00:32:56
2026-08-15 00:33:02,30.55,46.75,2017,0,unverified,Imported from sensor_history(2).csv,2026-08-15 00:33:02
2026-08-15 00:33:07,30.52,46.67,2012,0,unverified,Imported from sensor_history(2).csv,2026-08-15 00:33:07
2026-08-15 00:33:12,30.51,46.74,2012,0,unverified,Imported from sensor_history(2).csv,2026-08-15 00:33:12
2026-08-15 00:33:17,30.4,46.65,2012,0,unverified,Imported from sensor_history(2).csv,2026-08-15 00:33:17
2026-08-15 00:33:23,30.38,47.0,2014,0,unverified,Imported from sensor_history(2).csv,2026-08-15 00:33:23
2026-08-15 00:33:28,30.52,46.98,2030,0,unverified,Imported from sensor_history(2).csv,2026-08-15 00:33:28
2026-08-15 00:33:32,30.57,47.19,2031,0,unverified,Imported from sensor_history(2).csv,2026-08-15 00:33:32
2026-08-15 00:33:37,30.74,47.19,2010,0,unverified,Imported from sensor_history(2).csv,2026-08-15 00:33:37
2026-08-15 00:33:42,30.83,47.3,2012,0,unverified,Imported from sensor_history(2).csv,2026-08-15 00:33:42
2026-08-15 00:33:47,30.85,47.3,2012,0,unverified,Imported from sensor_history(2).csv,2026-08-15 00:33:47
2026-08-15 00:33:52,30.99,47.49,2012,0,unverified,Imported from sensor_history(2).csv,2026-08-15 00:33:52
2026-08-15 00:33:57,30.99,47.43,2013,0,unverified,Imported from sensor_history(2).csv,2026-08-15 00:33:57
2026-08-15 00:34:02,31.03,47.45,2012,0,unverified,Imported from sensor_history(2).csv,2026-08-15 00:34:02
2026-08-15 00:34:07,30.95,47.45,2011,0,unverified,Imported from sensor_history(2).csv,2026-08-15 00:34:07
2026-08-15 00:34:12,30.91,47.33,2015,0,unverified,Imported from sensor_history(2).csv,2026-08-15 00:34:12
2026-08-15 00:34:17,30.8,47.34,2010,0,unverified,Imported from sensor_history(2).csv,2026-08-15 00:34:17
2026-08-15 00:34:22,30.87,47.68,2002,0,unverified,Imported from sensor_history(2).csv,2026-08-15 00:34:22
2026-08-15 00:34:27,30.71,47.54,2026,0,unverified,Imported from sensor_history(2).csv,2026-08-15 00:34:27
2026-08-15 00:34:31,30.77,47.53,2018,0,unverified,Imported from sensor_history(2).csv,2026-08-15 00:34:31
2026-08-15 00:34:35,30.72,47.68,2017,0,unverified,Imported from sensor_history(2).csv,2026-08-15 00:34:35
2026-08-15 00:34:41,30.8,47.79,2004,0,unverified,Imported from sensor_history(2).csv,2026-08-15 00:34:41
2026-08-15 00:34:46,30.84,47.69,2004,0,unverified,Imported from sensor_history(2).csv,2026-08-15 00:34:46
2026-08-15 00:34:51,30.99,47.16,1996,0,unverified,Imported from sensor_history(2).csv,2026-08-15 00:34:51
2026-08-15 00:34:56,31.01,47.2,1992,0,unverified,Imported from sensor_history(2).csv,2026-08-15 00:34:56
2026-08-15 00:35:01,30.8,46.74,2001,0,unverified,Imported from sensor_history(2).csv,2026-08-15 00:35:01
2026-08-15 00:35:06,30.75,46.98,2004,0,unverified,Imported from sensor_history(2).csv,2026-08-15 00:35:06
2026-08-15 00:35:11,30.6,46.97,2008,0,unverified,Imported from sensor_history(2).csv,2026-08-15 00:35:11
2026-08-15 00:35:16,30.53,47.11,1992,0,unverified,Imported from sensor_history(2).csv,2026-08-15 00:35:16
2026-08-15 00:35:22,30.66,46.89,2007,0,unverified,Imported from sensor_history(2).csv,2026-08-15 00:35:22
2026-08-15 00:35:26,30.7,46.57,1996,0,unverified,Imported from sensor_history(2).csv,2026-08-15 00:35:26
2026-08-15 00:35:31,30.59,46.61,2008,0,unverified,Imported from sensor_history(2).csv,2026-08-15 00:35:31
2026-08-15 00:35:36,30.47,46.58,2015,0,unverified,Imported from sensor_history(2).csv,2026-08-15 00:35:36
2026-08-15 00:35:41,30.46,46.48,2017,0,unverified,Imported from sensor_history(2).csv,2026-08-15 00:35:41
2026-08-15 00:35:46,30.32,46.48,2008,0,unverified,Imported from sensor_history(2).csv,2026-08-15 00:35:46
2026-08-15 00:35:51,30.25,46.97,2008,0,unverified,Imported from sensor_history(2).csv,2026-08-15 00:35:51
2026-08-15 00:35:56,30.28,47.07,2002,0,unverified,Imported from sensor_history(2).csv,2026-08-15 00:35:56
2026-08-15 00:36:02,30.4,47.2,2001,0,unverified,Imported from sensor_history(2).csv,2026-08-15 00:36:02
2026-08-15 00:36:07,30.44,47.29,1998,0,unverified,Imported from sensor_history(2).csv,2026-08-15 00:36:07
2026-08-15 00:36:13,30.2,47.47,1981,0,unverified,Imported from sensor_history(2).csv,2026-08-15 00:36:13
2026-08-15 00:36:18,30.23,47.35,1990,0,unverified,Imported from sensor_history(2).csv,2026-08-15 00:36:18
2026-08-15 00:36:23,30.24,46.89,1989,0,unverified,Imported from sensor_history(2).csv,2026-08-15 00:36:23
2026-08-15 00:36:27,30.28,46.81,1984,0,unverified,Imported from sensor_history(2).csv,2026-08-15 00:36:27
2026-08-15 00:36:33,30.44,46.92,1980,0,unverified,Imported from sensor_history(2).csv,2026-08-15 00:36:33
2026-08-15 00:36:37,30.21,46.69,1983,0,unverified,Imported from sensor_history(2).csv,2026-08-15 00:36:37
2026-08-15 00:36:42,30.15,46.63,1976,0,unverified,Imported from sensor_history(2).csv,2026-08-15 00:36:42
2026-08-15 00:36:47,30.21,46.47,1958,0,unverified,Imported from sensor_history(2).csv,2026-08-15 00:36:47
2026-08-15 00:36:52,30.05,46.72,1963,0,unverified,Imported from sensor_history(2).csv,2026-08-15 00:36:52
2026-08-15 00:36:57,30.21,46.82,1968,0,unverified,Imported from sensor_history(2).csv,2026-08-15 00:36:57
2026-08-15 00:37:03,30.25,46.89,1968,0,unverified,Imported from sensor_history(2).csv,2026-08-15 00:37:03
2026-08-15 00:37:08,30.33,46.95,1959,0,unverified,Imported from sensor_history(2).csv,2026-08-15 00:37:08
2026-08-15 00:37:13,30.26,46.89,1962,0,unverified,Imported from sensor_history(2).csv,2026-08-15 00:37:13
2026-08-15 00:37:18,30.33,46.87,1951,0,unverified,Imported from sensor_history(2).csv,2026-08-15 00:37:18
2026-08-15 00:37:23,30.42,46.6,1950,0,unverified,Imported from sensor_history(2).csv,2026-08-15 00:37:23
2026-08-15 00:37:29,30.43,46.17,1950,0,unverified,Imported from sensor_history(2).csv,2026-08-15 00:37:29
2026-08-15 00:37:34,30.43,46.2,1951,0,unverified,Imported from sensor_history(2).csv,2026-08-15 00:37:34
2026-08-15 00:37:39,30.43,46.26,1950,0,unverified,Imported from sensor_history(2).csv,2026-08-15 00:37:39
2026-08-15 00:37:43,30.32,46.47,1950,0,unverified,Imported from sensor_history(2).csv,2026-08-15 00:37:43
2026-08-15 00:37:47,30.29,46.73,1967,0,unverified,Imported from sensor_history(2).csv,2026-08-15 00:37:47
2026-08-15 00:37:52,30.26,46.97,1970,0,unverified,Imported from sensor_history(2).csv,2026-08-15 00:37:52
2026-08-15 00:37:57,30.29,46.72,1973,0,unverified,Imported from sensor_history(2).csv,2026-08-15 00:37:57
2026-08-15 00:38:01,30.38,46.61,1971,0,unverified,Imported from sensor_history(2).csv,2026-08-15 00:38:01
2026-08-15 00:38:07,30.25,46.66,1966,0,unverified,Imported from sensor_history(2).csv,2026-08-15 00:38:07
2026-08-15 00:38:12,30.23,47.08,1950,0,unverified,Imported from sensor_history(2).csv,2026-08-15 00:38:12
2026-08-15 00:38:17,30.36,47.27,1959,0,unverified,Imported from sensor_history(2).csv,2026-08-15 00:38:17
2026-08-15 00:38:22,30.27,47.38,1964,0,unverified,Imported from sensor_history(2).csv,2026-08-15 00:38:22
2026-08-15 00:38:27,30.17,47.21,1963,0,unverified,Imported from sensor_history(2).csv,2026-08-15 00:38:27
2026-08-15 00:38:31,30.19,46.96,1963,0,unverified,Imported from sensor_history(2).csv,2026-08-15 00:38:31
2026-08-15 00:38:36,30.26,47.03,1970,0,unverified,Imported from sensor_history(2).csv,2026-08-15 00:38:36
2026-08-15 00:38:42,30.25,46.76,1958,0,unverified,Imported from sensor_history(2).csv,2026-08-15 00:38:42
2026-08-15 00:38:47,30.37,46.66,1954,0,unverified,Imported from sensor_history(2).csv,2026-08-15 00:38:47
2026-08-15 00:38:52,30.43,46.6,1950,0,unverified,Imported from sensor_history(2).csv,2026-08-15 00:38:52
2026-08-15 00:38:57,30.49,46.84,1963,0,unverified,Imported from sensor_history(2).csv,2026-08-15 00:38:57
2026-08-15 00:39:02,30.51,46.72,1971,0,unverified,Imported from sensor_history(2).csv,2026-08-15 00:39:02
2026-08-15 00:39:07,30.7,46.23,1953,0,unverified,Imported from sensor_history(2).csv,2026-08-15 00:39:07
2026-08-15 00:39:12,30.63,46.31,1950,0,unverified,Imported from sensor_history(2).csv,2026-08-15 00:39:12
2026-08-15 00:39:17,30.39,46.16,1950,0,unverified,Imported from sensor_history(2).csv,2026-08-15 00:39:17
2026-08-15 00:39:22,30.52,46.16,1950,0,unverified,Imported from sensor_history(2).csv,2026-08-15 00:39:22
2026-08-15 00:39:28,30.44,46.14,1950,0,unverified,Imported from sensor_history(2).csv,2026-08-15 00:39:28
2026-08-15 00:39:33,30.42,46.08,1953,0,unverified,Imported from sensor_history(2).csv,2026-08-15 00:39:33
2026-08-15 00:39:38,30.52,46.22,1958,0,unverified,Imported from sensor_history(2).csv,2026-08-15 00:39:38
2026-08-15 00:39:43,30.32,45.93,1963,0,unverified,Imported from sensor_history(2).csv,2026-08-15 00:39:43
2026-08-15 00:39:49,30.17,45.85,1958,0,unverified,Imported from sensor_history(2).csv,2026-08-15 00:39:49
2026-08-15 00:39:53,30.0,45.98,1965,0,unverified,Imported from sensor_history(2).csv,2026-08-15 00:39:53
2026-08-15 00:39:59,29.92,45.88,1963,0,unverified,Imported from sensor_history(2).csv,2026-08-15 00:39:59
2026-08-15 00:40:04,29.98,45.6,1962,0,unverified,Imported from sensor_history(2).csv,2026-08-15 00:40:04
2026-08-15 00:40:09,30.03,45.76,1968,0,unverified,Imported from sensor_history(2).csv,2026-08-15 00:40:09
2026-08-15 00:40:14,30.06,45.98,1955,0,unverified,Imported from sensor_history(2).csv,2026-08-15 00:40:14
2026-08-15 00:40:19,29.91,45.97,1970,0,unverified,Imported from sensor_history(2).csv,2026-08-15 00:40:19
2026-08-15 00:40:24,29.69,45.62,1972,0,unverified,Imported from sensor_history(2).csv,2026-08-15 00:40:24
2026-08-15 00:40:30,29.72,45.78,1982,0,unverified,Imported from sensor_history(2).csv,2026-08-15 00:40:30
2026-08-15 00:40:34,29.7,45.5,1973,0,unverified,Imported from sensor_history(2).csv,2026-08-15 00:40:34
2026-08-15 00:40:39,29.77,45.6,1966,0,unverified,Imported from sensor_history(2).csv,2026-08-15 00:40:39
2026-08-15 00:40:44,29.86,45.47,1958,0,unverified,Imported from sensor_history(2).csv,2026-08-15 00:40:44
2026-08-15 00:40:50,29.89,45.31,1962,0,unverified,Imported from sensor_history(2).csv,2026-08-15 00:40:50
2026-08-15 00:40:55,29.97,45.28,1963,0,unverified,Imported from sensor_history(2).csv,2026-08-15 00:40:55
2026-08-15 00:41:00,30.0,45.31,1961,0,unverified,Imported from sensor_history(2).csv,2026-08-15 00:41:00
2026-08-15 00:41:05,30.05,45.25,1954,0,unverified,Imported from sensor_history(2).csv,2026-08-15 00:41:05
2026-08-15 00:41:10,29.98,45.41,1950,0,unverified,Imported from sensor_history(2).csv,2026-08-15 00:41:10
2026-08-15 00:41:15,29.96,45.38,1950,0,unverified,Imported from sensor_history(2).csv,2026-08-15 00:41:15
2026-08-15 00:41:19,29.98,45.6,1950,0,unverified,Imported from sensor_history(2).csv,2026-08-15 00:41:19
2026-08-15 00:41:25,30.07,45.69,1950,0,unverified,Imported from sensor_history(2).csv,2026-08-15 00:41:25
2026-08-15 00:41:30,30.02,45.59,1960,0,unverified,Imported from sensor_history(2).csv,2026-08-15 00:41:30
2026-08-15 00:41:35,30.07,45.46,1961,0,unverified,Imported from sensor_history(2).csv,2026-08-15 00:41:35
2026-08-15 00:41:40,30.04,45.21,1973,0,unverified,Imported from sensor_history(2).csv,2026-08-15 00:41:40
2026-08-15 00:41:44,30.02,45.32,1970,0,unverified,Imported from sensor_history(2).csv,2026-08-15 00:41:44
2026-08-15 00:41:50,30.1,45.31,1973,0,unverified,Imported from sensor_history(2).csv,2026-08-15 00:41:50
2026-08-15 00:41:54,29.9,44.94,1974,0,unverified,Imported from sensor_history(2).csv,2026-08-15 00:41:54
2026-08-15 00:41:59,29.77,44.93,1961,0,unverified,Imported from sensor_history(2).csv,2026-08-15 00:41:59
2026-08-15 00:42:05,29.64,44.85,1974,0,unverified,Imported from sensor_history(2).csv,2026-08-15 00:42:05
2026-08-15 00:42:11,29.44,45.22,1974,0,unverified,Imported from sensor_history(2).csv,2026-08-15 00:42:11
2026-08-15 00:42:15,29.41,44.98,1981,0,unverified,Imported from sensor_history(2).csv,2026-08-15 00:42:15
2026-08-15 00:42:20,29.54,44.8,1976,0,unverified,Imported from sensor_history(2).csv,2026-08-15 00:42:20
2026-08-15 00:42:25,29.54,45.1,1976,0,unverified,Imported from sensor_history(2).csv,2026-08-15 00:42:25
2026-08-15 00:42:30,29.6,45.41,1970,0,unverified,Imported from sensor_history(2).csv,2026-08-15 00:42:30
2026-08-15 00:42:35,29.74,45.32,1981,0,unverified,Imported from sensor_history(2).csv,2026-08-15 00:42:35
2026-08-15 00:42:40,29.89,45.26,1985,0,unverified,Imported from sensor_history(2).csv,2026-08-15 00:42:40
2026-08-15 00:42:45,29.89,45.43,1988,0,unverified,Imported from sensor_history(2).csv,2026-08-15 00:42:45
2026-08-15 00:42:50,30.04,45.06,1999,0,unverified,Imported from sensor_history(2).csv,2026-08-15 00:42:50
2026-08-15 00:42:55,30.04,44.8,2008,0,unverified,Imported from sensor_history(2).csv,2026-08-15 00:42:55
2026-08-15 00:43:01,29.96,44.84,2013,0,unverified,Imported from sensor_history(2).csv,2026-08-15 00:43:01
2026-08-15 00:43:05,29.9,45.22,2000,0,unverified,Imported from sensor_history(2).csv,2026-08-15 00:43:05
2026-08-15 00:43:10,29.76,45.2,1994,0,unverified,Imported from sensor_history(2).csv,2026-08-15 00:43:10
2026-08-15 00:43:15,29.69,45.28,1987,0,unverified,Imported from sensor_history(2).csv,2026-08-15 00:43:15
2026-08-15 00:43:21,29.68,45.54,1993,0,unverified,Imported from sensor_history(2).csv,2026-08-15 00:43:21
2026-08-15 00:43:25,29.79,45.96,1995,0,unverified,Imported from sensor_history(2).csv,2026-08-15 00:43:25
2026-08-15 00:43:30,29.97,45.86,1984,0,unverified,Imported from sensor_history(2).csv,2026-08-15 00:43:30
2026-08-15 00:43:35,29.84,45.87,1984,0,unverified,Imported from sensor_history(2).csv,2026-08-15 00:43:35
2026-08-15 00:43:40,29.89,46.21,1973,0,unverified,Imported from sensor_history(2).csv,2026-08-15 00:43:40
2026-08-15 00:43:45,29.8,45.92,1975,0,unverified,Imported from sensor_history(2).csv,2026-08-15 00:43:45
2026-08-15 00:43:50,29.86,46.11,1964,0,unverified,Imported from sensor_history(2).csv,2026-08-15 00:43:50
2026-08-15 00:43:55,29.86,45.92,1971,0,unverified,Imported from sensor_history(2).csv,2026-08-15 00:43:55
2026-08-15 00:43:59,29.69,45.95,1977,0,unverified,Imported from sensor_history(2).csv,2026-08-15 00:43:59
2026-08-15 00:44:04,29.81,45.91,1994,0,unverified,Imported from sensor_history(2).csv,2026-08-15 00:44:04
2026-08-15 00:44:10,29.76,45.75,2002,0,unverified,Imported from sensor_history(2).csv,2026-08-15 00:44:10
2026-08-15 00:44:15,29.73,45.6,1999,0,unverified,Imported from sensor_history(2).csv,2026-08-15 00:44:15
2026-08-15 00:44:19,29.65,45.68,2006,0,unverified,Imported from sensor_history(2).csv,2026-08-15 00:44:19
2026-08-15 00:44:24,29.61,45.89,1995,0,unverified,Imported from sensor_history(2).csv,2026-08-15 00:44:24
2026-08-15 00:44:29,29.69,45.88,1988,0,unverified,Imported from sensor_history(2).csv,2026-08-15 00:44:29
2026-08-15 00:44:33,29.7,45.91,1992,0,unverified,Imported from sensor_history(2).csv,2026-08-15 00:44:33
2026-08-15 00:44:39,29.76,46.02,1976,0,unverified,Imported from sensor_history(2).csv,2026-08-15 00:44:39
2026-08-15 00:44:44,29.82,45.85,1979,0,unverified,Imported from sensor_history(2).csv,2026-08-15 00:44:44
2026-08-15 00:44:49,29.97,46.0,1973,0,unverified,Imported from sensor_history(2).csv,2026-08-15 00:44:49
2026-08-15 00:44:54,29.94,46.15,1977,0,unverified,Imported from sensor_history(2).csv,2026-08-15 00:44:54
2026-08-15 00:44:59,29.8,46.61,1971,0,unverified,Imported from sensor_history(2).csv,2026-08-15 00:44:59
2026-08-15 00:45:05,29.92,46.5,1978,0,unverified,Imported from sensor_history(2).csv,2026-08-15 00:45:05
2026-08-15 00:45:09,29.9,46.39,1981,0,unverified,Imported from sensor_history(2).csv,2026-08-15 00:45:09
2026-08-15 00:45:14,30.03,46.5,1995,0,unverified,Imported from sensor_history(2).csv,2026-08-15 00:45:14
2026-08-15 00:45:19,30.07,46.62,1996,0,unverified,Imported from sensor_history(2).csv,2026-08-15 00:45:19
2026-08-15 00:45:24,30.05,46.48,1992,0,unverified,Imported from sensor_history(2).csv,2026-08-15 00:45:24
2026-08-15 00:45:30,30.09,46.38,1992,0,unverified,Imported from sensor_history(2).csv,2026-08-15 00:45:30
2026-08-15 00:45:34,30.28,46.45,1983,0,unverified,Imported from sensor_history(2).csv,2026-08-15 00:45:34
2026-08-15 00:45:40,30.47,46.28,1989,0,unverified,Imported from sensor_history(2).csv,2026-08-15 00:45:40
2026-08-15 00:45:45,30.45,46.19,1996,0,unverified,Imported from sensor_history(2).csv,2026-08-15 00:45:45
2026-08-15 00:45:49,30.43,46.2,2017,0,unverified,Imported from sensor_history(2).csv,2026-08-15 00:45:49
2026-08-15 00:45:54,30.51,46.38,2012,0,unverified,Imported from sensor_history(2).csv,2026-08-15 00:45:54
2026-08-15 00:45:59,30.4,46.25,2011,0,unverified,Imported from sensor_history(2).csv,2026-08-15 00:45:59
2026-08-15 00:46:05,30.4,45.91,2007,0,unverified,Imported from sensor_history(2).csv,2026-08-15 00:46:05
2026-08-15 00:46:10,30.38,45.58,2010,0,unverified,Imported from sensor_history(2).csv,2026-08-15 00:46:10
2026-08-15 00:46:15,30.39,45.4,2014,0,unverified,Imported from sensor_history(2).csv,2026-08-15 00:46:15
2026-08-15 00:46:20,30.28,45.23,2014,0,unverified,Imported from sensor_history(2).csv,2026-08-15 00:46:20
2026-08-15 00:46:26,30.11,45.28,2023,0,unverified,Imported from sensor_history(2).csv,2026-08-15 00:46:26
2026-08-15 00:46:31,29.9,45.13,2018,0,unverified,Imported from sensor_history(2).csv,2026-08-15 00:46:31
2026-08-15 00:46:37,29.81,45.09,2026,0,unverified,Imported from sensor_history(2).csv,2026-08-15 00:46:37
2026-08-15 00:46:42,29.79,45.04,2030,0,unverified,Imported from sensor_history(2).csv,2026-08-15 00:46:42
2026-08-15 00:46:47,29.79,45.06,2030,0,unverified,Imported from sensor_history(2).csv,2026-08-15 00:46:47
2026-08-15 00:46:52,30.01,45.39,2027,0,unverified,Imported from sensor_history(2).csv,2026-08-15 00:46:52
2026-08-15 00:46:57,30.13,45.57,2046,0,unverified,Imported from sensor_history(2).csv,2026-08-15 00:46:57
2026-08-15 00:47:02,30.03,45.63,2038,0,unverified,Imported from sensor_history(2).csv,2026-08-15 00:47:02
2026-08-15 00:47:08,30.08,45.59,2039,0,unverified,Imported from sensor_history(2).csv,2026-08-15 00:47:08
2026-08-15 00:47:13,30.04,45.57,2032,0,unverified,Imported from sensor_history(2).csv,2026-08-15 00:47:13
2026-08-15 00:47:18,30.02,45.68,2045,0,unverified,Imported from sensor_history(2).csv,2026-08-15 00:47:18
2026-08-15 00:47:23,30.05,45.83,2051,0,unverified,Imported from sensor_history(2).csv,2026-08-15 00:47:23
2026-08-15 00:47:29,30.13,45.7,2043,0,unverified,Imported from sensor_history(2).csv,2026-08-15 00:47:29
2026-08-15 00:47:34,30.1,45.76,2046,0,unverified,Imported from sensor_history(2).csv,2026-08-15 00:47:34
2026-08-15 00:47:39,30.21,45.43,2047,0,unverified,Imported from sensor_history(2).csv,2026-08-15 00:47:39
2026-08-15 00:47:44,30.09,45.54,2041,0,unverified,Imported from sensor_history(2).csv,2026-08-15 00:47:44
2026-08-15 00:47:49,30.1,45.74,2046,0,unverified,Imported from sensor_history(2).csv,2026-08-15 00:47:49
2026-08-15 00:47:54,30.37,45.73,2047,0,unverified,Imported from sensor_history(2).csv,2026-08-15 00:47:54
2026-08-15 00:47:59,30.38,46.11,2047,0,unverified,Imported from sensor_history(2).csv,2026-08-15 00:47:59
2026-08-15 00:48:04,30.51,45.97,2045,0,unverified,Imported from sensor_history(2).csv,2026-08-15 00:48:04
2026-08-15 00:48:09,30.5,46.04,2047,0,unverified,Imported from sensor_history(2).csv,2026-08-15 00:48:09
2026-08-15 00:48:14,30.53,46.06,2047,0,unverified,Imported from sensor_history(2).csv,2026-08-15 00:48:14
2026-08-15 00:48:19,30.5,46.06,2046,0,unverified,Imported from sensor_history(2).csv,2026-08-15 00:48:19
2026-08-15 00:48:25,30.46,46.07,2039,0,unverified,Imported from sensor_history(2).csv,2026-08-15 00:48:25
2026-08-15 00:48:30,30.37,46.11,2052,0,unverified,Imported from sensor_history(2).csv,2026-08-15 00:48:30
2026-08-15 00:48:35,30.4,46.28,2042,0,unverified,Imported from sensor_history(2).csv,2026-08-15 00:48:35
2026-08-15 00:48:40,30.31,46.54,2044,0,unverified,Imported from sensor_history(2).csv,2026-08-15 00:48:40
2026-08-15 00:48:45,30.37,46.53,2040,0,unverified,Imported from sensor_history(2).csv,2026-08-15 00:48:45
2026-08-15 00:48:50,30.47,46.67,2053,0,unverified,Imported from sensor_history(2).csv,2026-08-15 00:48:50
2026-08-15 00:48:55,30.49,46.52,2043,0,unverified,Imported from sensor_history(2).csv,2026-08-15 00:48:55
2026-08-15 00:49:00,30.45,46.65,2036,0,unverified,Imported from sensor_history(2).csv,2026-08-15 00:49:00
2026-08-15 00:49:06,30.48,46.5,2027,0,unverified,Imported from sensor_history(2).csv,2026-08-15 00:49:06
2026-08-15 00:49:11,30.43,46.69,2030,0,unverified,Imported from sensor_history(2).csv,2026-08-15 00:49:11
2026-08-15 00:49:17,30.52,47.07,2018,0,unverified,Imported from sensor_history(2).csv,2026-08-15 00:49:17
2026-08-15 00:49:22,30.32,47.01,2015,0,unverified,Imported from sensor_history(2).csv,2026-08-15 00:49:22
2026-08-15 00:49:27,30.29,46.57,1999,0,unverified,Imported from sensor_history(2).csv,2026-08-15 00:49:27
2026-08-15 00:49:31,30.09,46.47,2003,0,unverified,Imported from sensor_history(2).csv,2026-08-15 00:49:31
2026-08-15 00:49:36,29.96,46.69,2000,0,unverified,Imported from sensor_history(2).csv,2026-08-15 00:49:36
2026-08-15 00:49:40,30.13,46.78,1990,0,unverified,Imported from sensor_history(2).csv,2026-08-15 00:49:40
2026-08-15 00:49:45,30.24,46.77,2002,0,unverified,Imported from sensor_history(2).csv,2026-08-15 00:49:45
2026-08-15 00:49:50,30.19,46.9,1994,0,unverified,Imported from sensor_history(2).csv,2026-08-15 00:49:50
2026-08-15 00:49:55,30.07,46.92,2004,0,unverified,Imported from sensor_history(2).csv,2026-08-15 00:49:55
2026-08-15 00:49:59,29.81,47.07,2001,0,unverified,Imported from sensor_history(2).csv,2026-08-15 00:49:59
2026-08-15 00:50:04,29.81,47.16,2016,0,unverified,Imported from sensor_history(2).csv,2026-08-15 00:50:04
2026-08-15 00:50:09,30.11,47.34,2023,0,unverified,Imported from sensor_history(2).csv,2026-08-15 00:50:09
2026-08-15 00:50:14,30.19,47.3,2016,0,unverified,Imported from sensor_history(2).csv,2026-08-15 00:50:14
2026-08-15 00:50:20,30.17,47.36,2010,0,unverified,Imported from sensor_history(2).csv,2026-08-15 00:50:20
2026-08-15 00:50:25,30.25,47.19,2017,0,unverified,Imported from sensor_history(2).csv,2026-08-15 00:50:25
2026-08-15 00:50:30,30.12,46.98,2016,0,unverified,Imported from sensor_history(2).csv,2026-08-15 00:50:30
2026-08-15 00:50:35,30.13,47.2,2017,0,unverified,Imported from sensor_history(2).csv,2026-08-15 00:50:35
2026-08-15 00:50:40,30.19,47.14,2028,0,unverified,Imported from sensor_history(2).csv,2026-08-15 00:50:40
2026-08-15 00:50:44,30.22,47.18,2023,0,unverified,Imported from sensor_history(2).csv,2026-08-15 00:50:44
2026-08-15 00:50:49,30.33,47.1,2025,0,unverified,Imported from sensor_history(2).csv,2026-08-15 00:50:49
2026-08-15 00:50:54,30.4,46.89,2033,0,unverified,Imported from sensor_history(2).csv,2026-08-15 00:50:54
2026-08-15 00:50:59,30.49,46.81,2040,0,unverified,Imported from sensor_history(2).csv,2026-08-15 00:50:59
2026-08-15 00:51:04,30.44,46.99,2038,0,unverified,Imported from sensor_history(2).csv,2026-08-15 00:51:04
2026-08-15 00:51:09,30.56,46.99,2036,0,unverified,Imported from sensor_history(2).csv,2026-08-15 00:51:09
2026-08-15 00:51:14,30.74,46.59,2022,0,unverified,Imported from sensor_history(2).csv,2026-08-15 00:51:14
2026-08-15 00:51:18,30.65,46.48,2015,0,unverified,Imported from sensor_history(2).csv,2026-08-15 00:51:18
2026-08-15 00:51:23,30.57,46.74,2019,0,unverified,Imported from sensor_history(2).csv,2026-08-15 00:51:23
2026-08-15 00:51:29,30.73,46.62,2019,0,unverified,Imported from sensor_history(2).csv,2026-08-15 00:51:29
2026-08-15 00:51:34,30.72,46.22,2021,0,unverified,Imported from sensor_history(2).csv,2026-08-15 00:51:34
2026-08-15 00:51:39,30.87,46.52,2031,0,unverified,Imported from sensor_history(2).csv,2026-08-15 00:51:39
2026-08-15 00:51:45,30.83,46.57,2022,0,unverified,Imported from sensor_history(2).csv,2026-08-15 00:51:45
2026-08-15 00:51:50,30.98,46.48,2021,0,unverified,Imported from sensor_history(2).csv,2026-08-15 00:51:50
2026-08-15 00:51:56,30.99,46.35,2024,0,unverified,Imported from sensor_history(2).csv,2026-08-15 00:51:56
2026-08-15 00:52:01,31.01,46.48,2019,0,unverified,Imported from sensor_history(2).csv,2026-08-15 00:52:01
2026-08-15 00:52:07,31.16,46.31,2032,0,unverified,Imported from sensor_history(2).csv,2026-08-15 00:52:07
2026-08-15 00:52:12,31.11,46.46,2040,0,unverified,Imported from sensor_history(2).csv,2026-08-15 00:52:12
2026-08-15 00:52:17,31.01,46.48,2042,0,unverified,Imported from sensor_history(2).csv,2026-08-15 00:52:17
2026-08-15 00:52:22,30.96,46.45,2056,0,unverified,Imported from sensor_history(2).csv,2026-08-15 00:52:22
2026-08-15 00:52:27,31.01,46.4,2042,0,unverified,Imported from sensor_history(2).csv,2026-08-15 00:52:27
2026-08-15 00:52:32,30.86,46.29,2042,0,unverified,Imported from sensor_history(2).csv,2026-08-15 00:52:32
2026-08-15 00:52:36,30.94,46.41,2044,0,unverified,Imported from sensor_history(2).csv,2026-08-15 00:52:36
2026-08-15 00:52:41,30.9,46.18,2036,0,unverified,Imported from sensor_history(2).csv,2026-08-15 00:52:41
2026-08-15 00:52:46,31.03,45.83,2039,0,unverified,Imported from sensor_history(2).csv,2026-08-15 00:52:46
2026-08-15 00:52:51,30.8,45.9,2030,0,unverified,Imported from sensor_history(2).csv,2026-08-15 00:52:51
2026-08-15 00:52:56,30.74,45.98,2036,0,unverified,Imported from sensor_history(2).csv,2026-08-15 00:52:56
2026-08-15 00:53:00,30.61,46.01,2044,0,unverified,Imported from sensor_history(2).csv,2026-08-15 00:53:00
2026-08-15 00:53:05,30.57,46.04,2046,0,unverified,Imported from sensor_history(2).csv,2026-08-15 00:53:05
2026-08-15 00:53:09,30.65,45.92,2030,0,unverified,Imported from sensor_history(2).csv,2026-08-15 00:53:09
2026-08-15 00:53:15,30.67,46.01,2023,0,unverified,Imported from sensor_history(2).csv,2026-08-15 00:53:15
2026-08-15 00:53:20,30.69,45.95,2029,0,unverified,Imported from sensor_history(2).csv,2026-08-15 00:53:20
2026-08-15 00:53:25,30.72,45.81,2029,0,unverified,Imported from sensor_history(2).csv,2026-08-15 00:53:25
2026-08-15 00:53:30,30.79,45.71,2008,0,unverified,Imported from sensor_history(2).csv,2026-08-15 00:53:30
2026-08-15 00:53:36,30.72,46.04,2021,0,unverified,Imported from sensor_history(2).csv,2026-08-15 00:53:36
2026-08-15 00:53:41,30.84,45.66,2023,0,unverified,Imported from sensor_history(2).csv,2026-08-15 00:53:41
2026-08-15 00:53:46,30.95,45.71,2017,0,unverified,Imported from sensor_history(2).csv,2026-08-15 00:53:46
2026-08-15 00:53:51,31.02,45.37,2027,0,unverified,Imported from sensor_history(2).csv,2026-08-15 00:53:51
2026-08-15 00:53:57,31.1,45.33,2022,0,unverified,Imported from sensor_history(2).csv,2026-08-15 00:53:57
2026-08-15 00:54:02,31.15,45.24,2018,0,unverified,Imported from sensor_history(2).csv,2026-08-15 00:54:02
2026-08-15 00:54:07,31.37,44.86,2022,0,unverified,Imported from sensor_history(2).csv,2026-08-15 00:54:07
2026-08-15 00:54:11,31.37,44.95,2038,0,unverified,Imported from sensor_history(2).csv,2026-08-15 00:54:11
2026-08-15 00:54:16,31.34,44.89,2050,0,unverified,Imported from sensor_history(2).csv,2026-08-15 00:54:16
2026-08-15 00:54:21,31.28,44.53,2052,0,unverified,Imported from sensor_history(2).csv,2026-08-15 00:54:21
2026-08-15 00:54:27,31.19,44.73,2055,0,unverified,Imported from sensor_history(2).csv,2026-08-15 00:54:27
2026-08-15 00:54:32,31.09,45.01,2060,0,unverified,Imported from sensor_history(2).csv,2026-08-15 00:54:32
2026-08-15 00:54:37,31.03,45.28,2048,0,unverified,Imported from sensor_history(2).csv,2026-08-15 00:54:37
2026-08-15 00:54:42,31.06,45.33,2052,0,unverified,Imported from sensor_history(2).csv,2026-08-15 00:54:42
2026-08-15 00:54:47,31.14,45.31,2045,0,unverified,Imported from sensor_history(2).csv,2026-08-15 00:54:47
2026-08-15 00:54:51,31.17,45.52,2047,0,unverified,Imported from sensor_history(2).csv,2026-08-15 00:54:51
2026-08-15 00:54:56,31.13,45.78,2044,0,unverified,Imported from sensor_history(2).csv,2026-08-15 00:54:56
2026-08-15 00:55:01,31.26,45.92,2048,0,unverified,Imported from sensor_history(2).csv,2026-08-15 00:55:01
2026-08-15 00:55:06,31.36,45.67,2048,0,unverified,Imported from sensor_history(2).csv,2026-08-15 00:55:06
2026-08-15 00:55:11,31.37,45.65,2022,0,unverified,Imported from sensor_history(2).csv,2026-08-15 00:55:11
2026-08-15 00:55:16,31.32,45.67,2025,0,unverified,Imported from sensor_history(2).csv,2026-08-15 00:55:16
2026-08-15 00:55:21,31.41,45.28,2031,0,unverified,Imported from sensor_history(2).csv,2026-08-15 00:55:21
2026-08-15 00:55:26,31.45,45.33,2035,0,unverified,Imported from sensor_history(2).csv,2026-08-15 00:55:26
2026-08-15 00:55:31,31.32,45.7,2035,0,unverified,Imported from sensor_history(2).csv,2026-08-15 00:55:31
2026-08-15 00:55:36,31.35,45.75,2048,0,unverified,Imported from sensor_history(2).csv,2026-08-15 00:55:36
2026-08-15 00:55:42,31.41,45.94,2050,0,unverified,Imported from sensor_history(2).csv,2026-08-15 00:55:42
2026-08-15 00:55:46,31.34,45.88,2053,0,unverified,Imported from sensor_history(2).csv,2026-08-15 00:55:46
2026-08-15 00:55:51,31.4,45.78,2060,0,unverified,Imported from sensor_history(2).csv,2026-08-15 00:55:51
2026-08-15 00:55:56,31.28,45.77,2061,0,unverified,Imported from sensor_history(2).csv,2026-08-15 00:55:56
2026-08-15 00:56:00,31.46,45.54,2052,0,unverified,Imported from sensor_history(2).csv,2026-08-15 00:56:00
2026-08-15 00:56:05,31.61,45.3,2032,0,unverified,Imported from sensor_history(2).csv,2026-08-15 00:56:05
2026-08-15 00:56:10,31.61,45.49,2029,0,unverified,Imported from sensor_history(2).csv,2026-08-15 00:56:10
2026-08-15 00:56:15,31.67,45.67,2036,0,unverified,Imported from sensor_history(2).csv,2026-08-15 00:56:15
2026-08-15 00:56:20,31.44,45.41,2034,0,unverified,Imported from sensor_history(2).csv,2026-08-15 00:56:20
2026-08-15 00:56:25,31.36,45.53,2041,0,unverified,Imported from sensor_history(2).csv,2026-08-15 00:56:25
2026-08-15 00:56:30,31.38,45.44,2042,0,unverified,Imported from sensor_history(2).csv,2026-08-15 00:56:30
2026-08-15 00:56:35,31.32,45.44,2053,0,unverified,Imported from sensor_history(2).csv,2026-08-15 00:56:35
2026-08-15 00:56:40,31.44,45.46,2049,0,unverified,Imported from sensor_history(2).csv,2026-08-15 00:56:40
2026-08-15 00:56:45,31.68,45.57,2053,0,unverified,Imported from sensor_history(2).csv,2026-08-15 00:56:45
2026-08-15 00:56:49,31.59,45.51,2056,0,unverified,Imported from sensor_history(2).csv,2026-08-15 00:56:49
2026-08-15 00:56:54,31.54,45.69,2067,0,unverified,Imported from sensor_history(2).csv,2026-08-15 00:56:54
2026-08-15 00:56:59,31.6,45.65,2052,0,unverified,Imported from sensor_history(2).csv,2026-08-15 00:56:59
2026-08-15 00:57:05,31.8,45.68,2048,0,unverified,Imported from sensor_history(2).csv,2026-08-15 00:57:05
2026-08-15 00:57:10,31.7,45.43,2055,0,unverified,Imported from sensor_history(2).csv,2026-08-15 00:57:10
2026-08-15 00:57:15,31.75,45.75,2067,0,unverified,Imported from sensor_history(2).csv,2026-08-15 00:57:15
2026-08-15 00:57:20,31.96,45.73,2067,0,unverified,Imported from sensor_history(2).csv,2026-08-15 00:57:20
2026-08-15 00:57:25,31.81,45.76,2063,0,unverified,Imported from sensor_history(2).csv,2026-08-15 00:57:25
2026-08-15 00:57:29,31.71,45.37,2068,0,unverified,Imported from sensor_history(2).csv,2026-08-15 00:57:29
2026-08-15 00:57:34,31.7,45.15,2074,0,unverified,Imported from sensor_history(2).csv,2026-08-15 00:57:34
2026-08-15 00:57:40,31.69,45.31,2069,0,unverified,Imported from sensor_history(2).csv,2026-08-15 00:57:40
2026-08-15 00:57:45,31.81,45.29,2070,0,unverified,Imported from sensor_history(2).csv,2026-08-15 00:57:45
2026-08-15 00:57:50,31.86,44.88,2079,0,unverified,Imported from sensor_history(2).csv,2026-08-15 00:57:50
2026-08-15 00:57:55,31.71,45.03,2092,0,unverified,Imported from sensor_history(2).csv,2026-08-15 00:57:55
2026-08-15 00:58:00,31.81,44.87,2095,0,unverified,Imported from sensor_history(2).csv,2026-08-15 00:58:00
2026-08-15 00:58:05,31.79,45.09,2092,0,unverified,Imported from sensor_history(2).csv,2026-08-15 00:58:05
2026-08-15 00:58:09,31.95,45.01,2089,0,unverified,Imported from sensor_history(2).csv,2026-08-15 00:58:09
2026-08-15 00:58:14,31.92,44.99,2091,0,unverified,Imported from sensor_history(2).csv,2026-08-15 00:58:14
2026-08-15 00:58:19,31.88,45.15,2087,0,unverified,Imported from sensor_history(2).csv,2026-08-15 00:58:19
2026-08-15 00:58:23,31.97,44.92,2086,0,unverified,Imported from sensor_history(2).csv,2026-08-15 00:58:23
2026-08-15 00:58:28,32.08,44.69,2076,0,unverified,Imported from sensor_history(2).csv,2026-08-15 00:58:28
2026-08-15 00:58:33,32.15,44.62,2085,0,unverified,Imported from sensor_history(2).csv,2026-08-15 00:58:33
2026-08-15 00:58:38,32.0,44.74,2074,0,unverified,Imported from sensor_history(2).csv,2026-08-15 00:58:38
2026-08-15 00:58:43,32.08,44.46,2070,0,unverified,Imported from sensor_history(2).csv,2026-08-15 00:58:43
2026-08-15 00:58:48,32.0,44.14,2070,0,unverified,Imported from sensor_history(2).csv,2026-08-15 00:58:48
2026-08-15 00:58:53,32.06,44.29,2086,0,unverified,Imported from sensor_history(2).csv,2026-08-15 00:58:53
2026-08-15 00:58:58,31.95,44.17,2081,0,unverified,Imported from sensor_history(2).csv,2026-08-15 00:58:58
2026-08-15 00:59:03,32.03,44.1,2075,0,unverified,Imported from sensor_history(2).csv,2026-08-15 00:59:03
2026-08-15 00:59:08,31.99,43.77,2070,0,unverified,Imported from sensor_history(2).csv,2026-08-15 00:59:08
2026-08-15 00:59:13,31.9,43.68,2083,0,unverified,Imported from sensor_history(2).csv,2026-08-15 00:59:13
2026-08-15 00:59:19,32.02,43.71,2060,0,unverified,Imported from sensor_history(2).csv,2026-08-15 00:59:19
2026-08-15 00:59:24,32.09,43.91,2053,0,unverified,Imported from sensor_history(2).csv,2026-08-15 00:59:24
2026-08-15 00:59:30,32.06,43.78,2076,0,unverified,Imported from sensor_history(2).csv,2026-08-15 00:59:30
2026-08-15 00:59:34,32.24,44.1,2081,0,unverified,Imported from sensor_history(2).csv,2026-08-15 00:59:34
2026-08-15 00:59:39,32.23,43.98,2072,0,unverified,Imported from sensor_history(2).csv,2026-08-15 00:59:39
2026-08-15 00:59:44,32.26,43.86,2072,0,unverified,Imported from sensor_history(2).csv,2026-08-15 00:59:44
2026-08-15 00:59:49,32.31,44.15,2073,0,unverified,Imported from sensor_history(2).csv,2026-08-15 00:59:49
2026-08-15 00:59:54,32.28,44.17,2080,0,unverified,Imported from sensor_history(2).csv,2026-08-15 00:59:54
2026-08-15 00:59:59,32.35,44.06,2095,0,unverified,Imported from sensor_history(2).csv,2026-08-15 00:59:59
2026-08-15 00:00:04,32.32,44.02,2097,0,unverified,Imported from sensor_history(2).csv,2026-08-15 00:00:04
2026-08-15 00:00:09,32.31,44.26,2092,0,unverified,Imported from sensor_history(2).csv,2026-08-15 00:00:09
2026-08-15 00:00:15,32.47,44.5,2097,0,unverified,Imported from sensor_history(2).csv,2026-08-15 00:00:15
2026-08-15 00:00:20,32.39,44.31,2091,0,unverified,Imported from sensor_history(2).csv,2026-08-15 00:00:20
2026-08-15 00:00:25,32.17,44.27,2082,0,unverified,Imported from sensor_history(2).csv,2026-08-15 00:00:25
2026-08-15 00:00:29,32.38,44.25,2069,0,unverified,Imported from sensor_history(2).csv,2026-08-15 00:00:29
2026-08-15 00:00:34,32.66,44.04,2058,0,unverified,Imported from sensor_history(2).csv,2026-08-15 00:00:34
2026-08-15 00:00:39,32.63,44.02,2054,0,unverified,Imported from sensor_history(2).csv,2026-08-15 00:00:39
2026-08-15 00:00:45,32.45,44.0,2047,0,unverified,Imported from sensor_history(2).csv,2026-08-15 00:00:45
2026-08-15 00:00:49,32.44,44.19,2054,0,unverified,Imported from sensor_history(2).csv,2026-08-15 00:00:49
2026-08-15 00:00:54,32.44,44.38,2048,0,unverified,Imported from sensor_history(2).csv,2026-08-15 00:00:54
2026-08-15 00:00:58,32.46,44.27,2026,0,unverified,Imported from sensor_history(2).csv,2026-08-15 00:00:58
2026-08-15 00:01:03,32.37,44.19,2024,0,unverified,Imported from sensor_history(2).csv,2026-08-15 00:01:03
2026-08-15 00:01:08,32.47,44.28,2026,0,unverified,Imported from sensor_history(2).csv,2026-08-15 00:01:08
2026-08-15 00:01:14,32.55,44.13,2027,0,unverified,Imported from sensor_history(2).csv,2026-08-15 00:01:14
2026-08-15 00:01:19,32.43,44.2,2046,0,unverified,Imported from sensor_history(2).csv,2026-08-15 00:01:19
2026-08-15 00:01:24,32.54,44.15,2046,0,unverified,Imported from sensor_history(2).csv,2026-08-15 00:01:24
2026-08-15 00:01:29,32.77,43.93,2057,0,unverified,Imported from sensor_history(2).csv,2026-08-15 00:01:29
2026-08-15 00:01:34,32.8,43.74,2061,0,unverified,Imported from sensor_history(2).csv,2026-08-15 00:01:34
2026-08-15 00:01:39,32.78,43.99,2065,0,unverified,Imported from sensor_history(2).csv,2026-08-15 00:01:39
2026-08-15 00:01:44,32.78,43.94,2062,0,unverified,Imported from sensor_history(2).csv,2026-08-15 00:01:44
2026-08-15 00:01:49,32.85,44.21,2065,0,unverified,Imported from sensor_history(2).csv,2026-08-15 00:01:49
2026-08-15 00:01:54,32.69,44.06,2063,0,unverified,Imported from sensor_history(2).csv,2026-08-15 00:01:54
2026-08-15 00:01:59,32.73,44.08,2069,0,unverified,Imported from sensor_history(2).csv,2026-08-15 00:01:59
2026-08-15 00:02:04,32.71,44.47,2071,0,unverified,Imported from sensor_history(2).csv,2026-08-15 00:02:04
2026-08-15 00:02:09,32.92,44.2,2067,0,unverified,Imported from sensor_history(2).csv,2026-08-15 00:02:09
2026-08-15 00:02:14,32.91,43.81,2079,0,unverified,Imported from sensor_history(2).csv,2026-08-15 00:02:14
2026-08-15 00:02:19,33.09,44.01,2086,0,unverified,Imported from sensor_history(2).csv,2026-08-15 00:02:19
2026-08-15 00:02:24,32.98,43.82,2085,0,unverified,Imported from sensor_history(2).csv,2026-08-15 00:02:24
2026-08-15 00:02:29,33.05,43.79,2089,0,unverified,Imported from sensor_history(2).csv,2026-08-15 00:02:29
2026-08-15 00:02:34,33.08,43.66,2092,0,unverified,Imported from sensor_history(2).csv,2026-08-15 00:02:34
2026-08-15 00:02:39,32.99,43.69,2088,0,unverified,Imported from sensor_history(2).csv,2026-08-15 00:02:39
2026-08-15 00:02:44,33.02,43.5,2091,0,unverified,Imported from sensor_history(2).csv,2026-08-15 00:02:44
2026-08-15 00:02:48,33.15,43.46,2090,0,unverified,Imported from sensor_history(2).csv,2026-08-15 00:02:48
2026-08-15 00:02:53,33.12,43.53,2085,0,unverified,Imported from sensor_history(2).csv,2026-08-15 00:02:53
2026-08-15 00:02:58,32.95,43.34,2076,0,unverified,Imported from sensor_history(2).csv,2026-08-15 00:02:58
2026-08-15 00:03:03,32.97,43.21,2078,0,unverified,Imported from sensor_history(2).csv,2026-08-15 00:03:03
2026-08-15 00:03:08,32.89,43.16,2087,0,unverified,Imported from sensor_history(2).csv,2026-08-15 00:03:08
2026-08-15 00:03:13,32.88,42.91,2086,0,unverified,Imported from sensor_history(2).csv,2026-08-15 00:03:13
2026-08-15 00:03:19,32.9,42.87,2110,0,unverified,Imported from sensor_history(2).csv,2026-08-15 00:03:19
2026-08-15 00:03:24,32.75,42.92,2119,0,unverified,Imported from sensor_history(2).csv,2026-08-15 00:03:24
2026-08-15 00:03:29,32.63,42.88,2132,0,unverified,Imported from sensor_history(2).csv,2026-08-15 00:03:29
2026-08-15 00:03:33,32.73,42.86,2139,0,unverified,Imported from sensor_history(2).csv,2026-08-15 00:03:33
2026-08-15 00:03:38,32.72,42.88,2154,0,unverified,Imported from sensor_history(2).csv,2026-08-15 00:03:38
2026-08-15 00:03:43,32.5,42.79,2147,0,unverified,Imported from sensor_history(2).csv,2026-08-15 00:03:43
2026-08-15 00:03:48,32.64,42.94,2127,0,unverified,Imported from sensor_history(2).csv,2026-08-15 00:03:48
2026-08-15 00:03:53,32.72,43.22,2125,0,unverified,Imported from sensor_history(2).csv,2026-08-15 00:03:53
2026-08-15 00:03:58,32.7,43.13,2131,0,unverified,Imported from sensor_history(2).csv,2026-08-15 00:03:58
2026-08-15 00:04:02,32.62,43.22,2134,0,unverified,Imported from sensor_history(2).csv,2026-08-15 00:04:02
2026-08-15 00:04:07,32.76,43.16,2138,0,unverified,Imported from sensor_history(2).csv,2026-08-15 00:04:07
2026-08-15 00:04:12,32.84,43.22,2149,0,unverified,Imported from sensor_history(2).csv,2026-08-15 00:04:12
2026-08-15 00:04:17,33.12,43.49,2153,0,unverified,Imported from sensor_history(2).csv,2026-08-15 00:04:17
2026-08-15 00:04:22,33.18,43.55,2160,0,unverified,Imported from sensor_history(2).csv,2026-08-15 00:04:22
2026-08-15 00:04:26,33.23,43.19,2152,0,unverified,Imported from sensor_history(2).csv,2026-08-15 00:04:26
2026-08-15 00:04:31,33.23,43.25,2144,0,unverified,Imported from sensor_history(2).csv,2026-08-15 00:04:31
2026-08-15 00:04:37,33.32,43.45,2158,0,unverified,Imported from sensor_history(2).csv,2026-08-15 00:04:37
2026-08-15 00:04:42,33.39,43.38,2159,0,unverified,Imported from sensor_history(2).csv,2026-08-15 00:04:42
2026-08-15 00:04:47,33.52,43.52,2154,0,unverified,Imported from sensor_history(2).csv,2026-08-15 00:04:47
2026-08-15 00:04:52,33.46,43.35,2150,0,unverified,Imported from sensor_history(2).csv,2026-08-15 00:04:52
2026-08-15 00:04:56,33.41,43.05,2146,0,unverified,Imported from sensor_history(2).csv,2026-08-15 00:04:56
2026-08-15 00:05:02,33.37,43.06,2142,0,unverified,Imported from sensor_history(2).csv,2026-08-15 00:05:02
2026-08-15 00:05:08,33.45,42.73,2133,0,unverified,Imported from sensor_history(2).csv,2026-08-15 00:05:08
2026-08-15 00:05:12,33.6,42.69,2124,0,unverified,Imported from sensor_history(2).csv,2026-08-15 00:05:12
2026-08-15 00:05:17,33.55,42.94,2126,0,unverified,Imported from sensor_history(2).csv,2026-08-15 00:05:17
2026-08-15 00:05:22,33.5,42.58,2125,0,unverified,Imported from sensor_history(2).csv,2026-08-15 00:05:22
2026-08-15 00:05:27,33.53,42.37,2137,0,unverified,Imported from sensor_history(2).csv,2026-08-15 00:05:27
2026-08-15 00:05:31,33.5,42.21,2143,0,unverified,Imported from sensor_history(2).csv,2026-08-15 00:05:31
2026-08-15 00:05:37,33.6,42.24,2147,0,unverified,Imported from sensor_history(2).csv,2026-08-15 00:05:37
2026-08-15 00:05:42,33.37,42.22,2143,0,unverified,Imported from sensor_history(2).csv,2026-08-15 00:05:42
2026-08-15 00:05:46,33.3,42.51,2145,0,unverified,Imported from sensor_history(2).csv,2026-08-15 00:05:46
2026-08-15 00:05:51,33.24,42.69,2150,0,unverified,Imported from sensor_history(2).csv,2026-08-15 00:05:51
2026-08-15 00:05:57,33.03,42.78,2158,0,unverified,Imported from sensor_history(2).csv,2026-08-15 00:05:57
2026-08-15 00:06:01,32.98,42.79,2159,0,unverified,Imported from sensor_history(2).csv,2026-08-15 00:06:01
2026-08-15 00:06:06,32.93,42.85,2169,0,unverified,Imported from sensor_history(2).csv,2026-08-15 00:06:06
2026-08-15 00:06:11,32.96,42.67,2170,0,unverified,Imported from sensor_history(2).csv,2026-08-15 00:06:11
2026-08-15 00:06:16,33.13,42.82,2177,0,unverified,Imported from sensor_history(2).csv,2026-08-15 00:06:16
2026-08-15 00:06:21,33.14,42.6,2173,0,unverified,Imported from sensor_history(2).csv,2026-08-15 00:06:21
2026-08-15 00:06:26,33.07,42.74,2159,0,unverified,Imported from sensor_history(2).csv,2026-08-15 00:06:26
2026-08-15 00:06:31,33.11,42.94,2163,0,unverified,Imported from sensor_history(2).csv,2026-08-15 00:06:31
2026-08-15 00:06:37,33.26,42.94,2171,0,unverified,Imported from sensor_history(2).csv,2026-08-15 00:06:37
2026-08-15 00:06:42,33.19,42.87,2176,0,unverified,Imported from sensor_history(2).csv,2026-08-15 00:06:42
2026-08-15 00:06:46,33.13,42.91,2180,0,unverified,Imported from sensor_history(2).csv,2026-08-15 00:06:46
2026-08-15 00:06:51,33.23,42.35,2178,0,unverified,Imported from sensor_history(2).csv,2026-08-15 00:06:51
2026-08-15 00:06:56,33.24,42.41,2172,0,unverified,Imported from sensor_history(2).csv,2026-08-15 00:06:56
2026-08-15 00:07:01,33.34,42.39,2178,0,unverified,Imported from sensor_history(2).csv,2026-08-15 00:07:01
2026-08-15 00:07:05,33.37,42.38,2182,0,unverified,Imported from sensor_history(2).csv,2026-08-15 00:07:05
2026-08-15 00:07:10,33.46,42.5,2178,0,unverified,Imported from sensor_history(2).csv,2026-08-15 00:07:10
2026-08-15 00:07:15,33.38,42.47,2187,0,unverified,Imported from sensor_history(2).csv,2026-08-15 00:07:15
2026-08-15 00:07:20,33.4,42.25,2180,0,unverified,Imported from sensor_history(2).csv,2026-08-15 00:07:20
2026-08-15 00:07:26,33.4,42.22,2176,0,unverified,Imported from sensor_history(2).csv,2026-08-15 00:07:26
2026-08-15 00:07:31,33.31,42.24,2191,0,unverified,Imported from sensor_history(2).csv,2026-08-15 00:07:31
2026-08-15 00:07:36,33.18,42.26,2197,0,unverified,Imported from sensor_history(2).csv,2026-08-15 00:07:36
2026-08-15 00:07:41,33.29,42.28,2194,0,unverified,Imported from sensor_history(2).csv,2026-08-15 00:07:41
2026-08-15 00:07:46,33.29,42.46,2196,0,unverified,Imported from sensor_history(2).csv,2026-08-15 00:07:46
2026-08-15 00:07:51,33.23,42.24,2197,0,unverified,Imported from sensor_history(2).csv,2026-08-15 00:07:51
2026-08-15 00:07:55,33.26,42.26,2175,0,unverified,Imported from sensor_history(2).csv,2026-08-15 00:07:55
2026-08-15 00:08:00,33.41,42.48,2169,0,unverified,Imported from sensor_history(2).csv,2026-08-15 00:08:00
2026-08-15 00:08:05,33.21,42.13,2170,0,unverified,Imported from sensor_history(2).csv,2026-08-15 00:08:05
2026-08-15 00:08:10,33.11,42.16,2169,0,unverified,Imported from sensor_history(2).csv,2026-08-15 00:08:10
2026-08-15 00:08:15,33.07,42.04,2173,0,unverified,Imported from sensor_history(2).csv,2026-08-15 00:08:15
2026-08-15 00:08:20,33.27,41.97,2184,0,unverified,Imported from sensor_history(2).csv,2026-08-15 00:08:20
2026-08-15 00:08:26,33.34,41.81,2182,0,unverified,Imported from sensor_history(2).csv,2026-08-15 00:08:26
2026-08-15 00:08:30,33.45,41.79,2174,0,unverified,Imported from sensor_history(2).csv,2026-08-15 00:08:30
2026-08-15 00:08:36,33.37,42.13,2179,0,unverified,Imported from sensor_history(2).csv,2026-08-15 00:08:36
2026-08-15 00:08:40,33.29,41.88,2177,0,unverified,Imported from sensor_history(2).csv,2026-08-15 00:08:40
2026-08-15 00:08:45,33.38,41.67,2177,0,unverified,Imported from sensor_history(2).csv,2026-08-15 00:08:45
2026-08-15 00:08:50,33.42,41.45,2176,0,unverified,Imported from sensor_history(2).csv,2026-08-15 00:08:50
2026-08-15 00:08:55,33.5,41.79,2196,0,unverified,Imported from sensor_history(2).csv,2026-08-15 00:08:55
2026-08-15 00:09:00,33.51,41.71,2178,0,unverified,Imported from sensor_history(2).csv,2026-08-15 00:09:00
2026-08-15 00:09:06,33.56,41.71,2176,0,unverified,Imported from sensor_history(2).csv,2026-08-15 00:09:06
2026-08-15 00:09:11,33.6,41.64,2178,0,unverified,Imported from sensor_history(2).csv,2026-08-15 00:09:11
2026-08-15 00:09:16,33.7,41.48,2173,0,unverified,Imported from sensor_history(2).csv,2026-08-15 00:09:16
2026-08-15 00:09:21,33.79,41.45,2182,0,unverified,Imported from sensor_history(2).csv,2026-08-15 00:09:21
2026-08-15 00:09:26,33.64,41.91,2189,0,unverified,Imported from sensor_history(2).csv,2026-08-15 00:09:26
2026-08-15 00:09:31,33.43,42.14,2190,0,unverified,Imported from sensor_history(2).csv,2026-08-15 00:09:31
2026-08-15 00:09:35,33.56,41.94,2188,0,unverified,Imported from sensor_history(2).csv,2026-08-15 00:09:35
2026-08-15 00:09:40,33.71,42.03,2188,0,unverified,Imported from sensor_history(2).csv,2026-08-15 00:09:40
2026-08-15 00:09:45,33.62,41.85,2188,0,unverified,Imported from sensor_history(2).csv,2026-08-15 00:09:45
2026-08-15 00:09:49,33.45,41.5,2188,0,unverified,Imported from sensor_history(2).csv,2026-08-15 00:09:49
2026-08-15 00:09:54,33.5,41.68,2187,0,unverified,Imported from sensor_history(2).csv,2026-08-15 00:09:54
2026-08-15 00:10:00,33.62,41.88,2190,0,unverified,Imported from sensor_history(2).csv,2026-08-15 00:10:00
2026-08-15 00:10:05,33.82,42.03,2196,0,unverified,Imported from sensor_history(2).csv,2026-08-15 00:10:05
2026-08-15 00:10:10,33.88,41.9,2186,0,unverified,Imported from sensor_history(2).csv,2026-08-15 00:10:10
2026-08-15 00:10:15,33.85,41.83,2179,0,unverified,Imported from sensor_history(2).csv,2026-08-15 00:10:15
2026-08-15 00:10:20,33.76,41.93,2166,0,unverified,Imported from sensor_history(2).csv,2026-08-15 00:10:20
2026-08-15 00:10:24,33.77,41.95,2175,0,unverified,Imported from sensor_history(2).csv,2026-08-15 00:10:24
2026-08-15 00:10:29,33.76,41.83,2179,0,unverified,Imported from sensor_history(2).csv,2026-08-15 00:10:29
2026-08-15 00:10:34,33.67,41.49,2184,0,unverified,Imported from sensor_history(2).csv,2026-08-15 00:10:34
2026-08-15 00:10:40,33.89,41.5,2174,0,unverified,Imported from sensor_history(2).csv,2026-08-15 00:10:40
2026-08-15 00:10:44,34.07,41.67,2190,0,unverified,Imported from sensor_history(2).csv,2026-08-15 00:10:44
2026-08-15 00:10:50,34.18,41.42,2186,0,unverified,Imported from sensor_history(2).csv,2026-08-15 00:10:50
2026-08-15 00:10:55,34.07,41.51,2188,0,unverified,Imported from sensor_history(2).csv,2026-08-15 00:10:55
2026-08-15 00:11:00,34.14,41.54,2195,0,unverified,Imported from sensor_history(2).csv,2026-08-15 00:11:00
2026-08-15 00:11:04,34.19,41.64,2188,0,unverified,Imported from sensor_history(2).csv,2026-08-15 00:11:04
2026-08-15 00:11:09,34.21,41.76,2184,0,unverified,Imported from sensor_history(2).csv,2026-08-15 00:11:09
2026-08-15 00:11:15,34.32,41.58,2186,0,unverified,Imported from sensor_history(2).csv,2026-08-15 00:11:15
2026-08-15 00:11:20,34.35,41.24,2210,0,unverified,Imported from sensor_history(2).csv,2026-08-15 00:11:20
2026-08-15 00:11:25,34.39,41.13,2211,0,unverified,Imported from sensor_history(2).csv,2026-08-15 00:11:25
2026-08-15 00:11:30,34.42,41.27,2223,0,unverified,Imported from sensor_history(2).csv,2026-08-15 00:11:30
2026-08-15 00:11:35,34.42,41.15,2230,0,unverified,Imported from sensor_history(2).csv,2026-08-15 00:11:35
2026-08-15 00:11:39,34.21,41.01,2230,0,unverified,Imported from sensor_history(2).csv,2026-08-15 00:11:39
2026-08-15 00:11:45,34.2,40.67,2220,0,unverified,Imported from sensor_history(2).csv,2026-08-15 00:11:45
2026-08-15 00:11:50,34.12,41.0,2226,0,unverified,Imported from sensor_history(2).csv,2026-08-15 00:11:50
2026-08-15 00:11:55,33.98,41.13,2212,0,unverified,Imported from sensor_history(2).csv,2026-08-15 00:11:55
2026-08-15 00:12:00,34.15,41.24,2223,0,unverified,Imported from sensor_history(2).csv,2026-08-15 00:12:00
2026-08-15 00:12:06,34.31,41.38,2223,0,unverified,Imported from sensor_history(2).csv,2026-08-15 00:12:06
2026-08-15 00:12:10,34.42,41.43,2199,0,unverified,Imported from sensor_history(2).csv,2026-08-15 00:12:10
2026-08-15 00:12:16,34.41,41.33,2196,0,unverified,Imported from sensor_history(2).csv,2026-08-15 00:12:16
2026-08-15 00:12:21,34.51,41.25,2202,0,unverified,Imported from sensor_history(2).csv,2026-08-15 00:12:21
2026-08-15 00:12:26,34.47,41.12,2199,0,unverified,Imported from sensor_history(2).csv,2026-08-15 00:12:26
2026-08-15 00:12:31,34.45,41.56,2205,0,unverified,Imported from sensor_history(2).csv,2026-08-15 00:12:31
2026-08-15 00:12:36,34.31,41.58,2197,0,unverified,Imported from sensor_history(2).csv,2026-08-15 00:12:36
2026-08-15 00:12:40,34.32,41.41,2187,0,unverified,Imported from sensor_history(2).csv,2026-08-15 00:12:40
2026-08-15 00:12:46,34.3,41.42,2187,0,unverified,Imported from sensor_history(2).csv,2026-08-15 00:12:46
2026-08-15 00:12:51,34.15,41.17,2188,0,unverified,Imported from sensor_history(2).csv,2026-08-15 00:12:51
2026-08-15 00:12:56,34.13,41.38,2186,0,unverified,Imported from sensor_history(2).csv,2026-08-15 00:12:56
2026-08-15 00:13:01,34.11,41.18,2196,0,unverified,Imported from sensor_history(2).csv,2026-08-15 00:13:01
2026-08-15 00:13:05,34.29,41.21,2190,0,unverified,Imported from sensor_history(2).csv,2026-08-15 00:13:05
2026-08-15 00:13:11,34.35,41.33,2193,0,unverified,Imported from sensor_history(2).csv,2026-08-15 00:13:11
2026-08-15 00:13:16,34.33,41.32,2194,0,unverified,Imported from sensor_history(2).csv,2026-08-15 00:13:16
2026-08-15 00:13:22,34.33,41.26,2181,0,unverified,Imported from sensor_history(2).csv,2026-08-15 00:13:22
2026-08-15 00:13:27,34.31,41.18,2172,0,unverified,Imported from sensor_history(2).csv,2026-08-15 00:13:27
2026-08-15 00:13:31,34.26,41.09,2174,0,unverified,Imported from sensor_history(2).csv,2026-08-15 00:13:31
2026-08-15 00:13:37,34.14,40.92,2192,0,unverified,Imported from sensor_history(2).csv,2026-08-15 00:13:37
2026-08-15 00:13:42,34.11,40.78,2197,0,unverified,Imported from sensor_history(2).csv,2026-08-15 00:13:42
2026-08-15 00:13:47,34.03,40.99,2183,0,unverified,Imported from sensor_history(2).csv,2026-08-15 00:13:47
2026-08-15 00:13:52,33.9,40.9,2160,0,unverified,Imported from sensor_history(2).csv,2026-08-15 00:13:52
2026-08-15 00:13:57,33.97,40.69,2169,0,unverified,Imported from sensor_history(2).csv,2026-08-15 00:13:57
2026-08-15 00:14:03,34.01,40.54,2170,0,unverified,Imported from sensor_history(2).csv,2026-08-15 00:14:03
2026-08-15 00:14:07,33.83,40.7,2182,0,unverified,Imported from sensor_history(2).csv,2026-08-15 00:14:07
2026-08-15 00:14:13,33.84,40.76,2176,0,unverified,Imported from sensor_history(2).csv,2026-08-15 00:14:13
2026-08-15 00:14:18,33.95,40.8,2181,0,unverified,Imported from sensor_history(2).csv,2026-08-15 00:14:18
2026-08-15 00:14:23,34.06,40.68,2189,0,unverified,Imported from sensor_history(2).csv,2026-08-15 00:14:23
2026-08-15 00:14:28,34.16,40.71,2187,0,unverified,Imported from sensor_history(2).csv,2026-08-15 00:14:28
2026-08-15 00:14:33,34.16,40.53,2184,0,unverified,Imported from sensor_history(2).csv,2026-08-15 00:14:33
2026-08-15 00:14:38,34.05,40.45,2185,0,unverified,Imported from sensor_history(2).csv,2026-08-15 00:14:38
2026-08-15 00:14:43,33.95,40.56,2191,0,unverified,Imported from sensor_history(2).csv,2026-08-15 00:14:43
2026-08-15 00:14:48,33.99,40.64,2192,0,unverified,Imported from sensor_history(2).csv,2026-08-15 00:14:48
2026-08-15 00:14:52,34.04,40.38,2201,0,unverified,Imported from sensor_history(2).csv,2026-08-15 00:14:52
2026-08-15 00:14:58,34.17,40.15,2198,0,unverified,Imported from sensor_history(2).csv,2026-08-15 00:14:58
2026-08-15 00:15:03,34.27,40.12,2188,0,unverified,Imported from sensor_history(2).csv,2026-08-15 00:15:03
2026-08-15 00:15:08,34.25,40.37,2205,0,unverified,Imported from sensor_history(2).csv,2026-08-15 00:15:08
2026-08-15 00:15:13,34.11,39.94,2201,1,unverified,Imported from sensor_history(2).csv,2026-08-15 00:15:13
2026-08-15 00:15:18,34.08,39.94,2197,0,unverified,Imported from sensor_history(2).csv,2026-08-15 00:15:18
2026-08-15 00:15:23,34.1,39.64,2198,0,unverified,Imported from sensor_history(2).csv,2026-08-15 00:15:23
2026-08-15 00:15:28,34.08,39.49,2199,0,unverified,Imported from sensor_history(2).csv,2026-08-15 00:15:28
2026-08-15 00:15:32,34.03,39.4,2197,0,unverified,Imported from sensor_history(2).csv,2026-08-15 00:15:32
2026-08-15 00:15:37,34.06,39.3,2199,0,unverified,Imported from sensor_history(2).csv,2026-08-15 00:15:37
2026-08-15 00:15:42,34.02,39.18,2200,0,unverified,Imported from sensor_history(2).csv,2026-08-15 00:15:42
2026-08-15 00:15:46,33.96,39.17,2202,0,unverified,Imported from sensor_history(2).csv,2026-08-15 00:15:46
2026-08-15 00:15:52,34.01,39.06,2185,0,unverified,Imported from sensor_history(2).csv,2026-08-15 00:15:52
2026-08-15 00:15:56,33.98,38.78,2202,1,unverified,Imported from sensor_history(2).csv,2026-08-15 00:15:56
2026-08-15 00:16:02,34.01,38.93,2203,0,unverified,Imported from sensor_history(2).csv,2026-08-15 00:16:02
2026-08-15 00:16:06,34.05,39.06,2209,0,unverified,Imported from sensor_history(2).csv,2026-08-15 00:16:06
2026-08-15 00:16:11,33.95,39.19,2199,1,unverified,Imported from sensor_history(2).csv,2026-08-15 00:16:11
2026-08-15 00:16:17,33.92,38.87,2197,0,unverified,Imported from sensor_history(2).csv,2026-08-15 00:16:17
2026-08-15 00:16:22,34.08,38.91,2193,0,unverified,Imported from sensor_history(2).csv,2026-08-15 00:16:22
2026-08-15 00:16:27,33.97,39.01,2208,1,unverified,Imported from sensor_history(2).csv,2026-08-15 00:16:27
2026-08-15 00:16:32,33.77,38.79,2204,0,unverified,Imported from sensor_history(2).csv,2026-08-15 00:16:32
2026-08-15 00:16:37,33.62,38.77,2212,0,unverified,Imported from sensor_history(2).csv,2026-08-15 00:16:37
2026-08-15 00:16:42,33.67,38.72,2208,0,unverified,Imported from sensor_history(2).csv,2026-08-15 00:16:42
2026-08-15 00:16:47,33.71,39.03,2207,0,unverified,Imported from sensor_history(2).csv,2026-08-15 00:16:47
2026-08-15 00:16:52,33.74,39.32,2206,1,unverified,Imported from sensor_history(2).csv,2026-08-15 00:16:52
2026-08-15 00:16:57,33.89,38.94,2219,0,unverified,Imported from sensor_history(2).csv,2026-08-15 00:16:57
2026-08-15 00:17:03,33.65,39.34,2205,0,unverified,Imported from sensor_history(2).csv,2026-08-15 00:17:03
2026-08-15 00:17:08,33.73,39.08,2197,1,unverified,Imported from sensor_history(2).csv,2026-08-15 00:17:08
2026-08-15 00:17:13,33.93,39.19,2184,0,unverified,Imported from sensor_history(2).csv,2026-08-15 00:17:13
2026-08-15 00:17:18,33.84,39.27,2180,1,unverified,Imported from sensor_history(2).csv,2026-08-15 00:17:18
2026-08-15 00:17:23,33.83,39.0,2178,0,unverified,Imported from sensor_history(2).csv,2026-08-15 00:17:23
2026-08-15 00:17:28,33.78,39.01,2170,0,unverified,Imported from sensor_history(2).csv,2026-08-15 00:17:28
2026-08-15 00:17:33,33.73,38.91,2170,0,unverified,Imported from sensor_history(2).csv,2026-08-15 00:17:33
2026-08-15 00:17:38,33.73,38.93,2160,0,unverified,Imported from sensor_history(2).csv,2026-08-15 00:17:38
2026-08-15 00:17:43,33.92,38.88,2158,1,unverified,Imported from sensor_history(2).csv,2026-08-15 00:17:43
2026-08-15 00:17:47,34.12,39.01,2175,0,unverified,Imported from sensor_history(2).csv,2026-08-15 00:17:47
2026-08-15 00:17:52,34.1,38.92,2184,1,unverified,Imported from sensor_history(2).csv,2026-08-15 00:17:52
2026-08-15 00:17:57,34.3,38.8,2191,0,unverified,Imported from sensor_history(2).csv,2026-08-15 00:17:57
2026-08-15 00:18:02,34.3,38.9,2187,0,unverified,Imported from sensor_history(2).csv,2026-08-15 00:18:02
2026-08-15 00:18:07,34.47,38.9,2180,1,unverified,Imported from sensor_history(2).csv,2026-08-15 00:18:07
2026-08-15 00:18:12,34.44,38.92,2177,1,unverified,Imported from sensor_history(2).csv,2026-08-15 00:18:12
2026-08-15 00:18:17,34.44,38.69,2183,1,unverified,Imported from sensor_history(2).csv,2026-08-15 00:18:17
2026-08-15 00:18:22,34.46,38.4,2196,1,unverified,Imported from sensor_history(2).csv,2026-08-15 00:18:22
2026-08-15 00:18:27,34.76,38.22,2208,1,unverified,Imported from sensor_history(2).csv,2026-08-15 00:18:27
2026-08-15 00:18:32,34.81,38.04,2217,0,unverified,Imported from sensor_history(2).csv,2026-08-15 00:18:32
2026-08-15 00:18:38,34.69,38.12,2215,0,unverified,Imported from sensor_history(2).csv,2026-08-15 00:18:38
2026-08-15 00:18:43,34.76,38.22,2219,0,unverified,Imported from sensor_history(2).csv,2026-08-15 00:18:43
2026-08-15 00:18:48,34.68,38.11,2220,0,unverified,Imported from sensor_history(2).csv,2026-08-15 00:18:48
2026-08-15 00:18:53,34.6,38.29,2222,0,unverified,Imported from sensor_history(2).csv,2026-08-15 00:18:53
2026-08-15 00:18:57,34.67,38.44,2242,0,unverified,Imported from sensor_history(2).csv,2026-08-15 00:18:57
2026-08-15 00:19:02,34.64,38.37,2230,0,unverified,Imported from sensor_history(2).csv,2026-08-15 00:19:02
2026-08-15 00:19:06,34.64,38.11,2232,0,unverified,Imported from sensor_history(2).csv,2026-08-15 00:19:06
2026-08-15 00:19:11,34.61,38.29,2245,0,unverified,Imported from sensor_history(2).csv,2026-08-15 00:19:11
2026-08-15 00:19:16,34.62,38.17,2235,0,unverified,Imported from sensor_history(2).csv,2026-08-15 00:19:16
2026-08-15 00:19:22,34.64,38.08,2234,0,unverified,Imported from sensor_history(2).csv,2026-08-15 00:19:22
2026-08-15 00:19:26,34.42,37.91,2233,0,unverified,Imported from sensor_history(2).csv,2026-08-15 00:19:26
2026-08-15 00:19:31,34.47,37.65,2235,0,unverified,Imported from sensor_history(2).csv,2026-08-15 00:19:31
2026-08-15 00:19:36,34.36,37.31,2226,0,unverified,Imported from sensor_history(2).csv,2026-08-15 00:19:36
2026-08-15 00:19:41,34.22,37.36,2235,0,unverified,Imported from sensor_history(2).csv,2026-08-15 00:19:41
2026-08-15 00:19:46,34.22,37.16,2245,1,unverified,Imported from sensor_history(2).csv,2026-08-15 00:19:46
2026-08-15 00:19:52,34.24,37.65,2252,1,unverified,Imported from sensor_history(2).csv,2026-08-15 00:19:52
2026-08-15 00:19:57,34.17,37.36,2248,0,unverified,Imported from sensor_history(2).csv,2026-08-15 00:19:57
2026-08-15 00:20:02,34.27,37.05,2252,1,unverified,Imported from sensor_history(2).csv,2026-08-15 00:20:02
2026-08-15 00:20:07,34.14,37.08,2248,0,unverified,Imported from sensor_history(2).csv,2026-08-15 00:20:07
2026-08-15 00:20:12,34.12,37.29,2249,1,unverified,Imported from sensor_history(2).csv,2026-08-15 00:20:12
2026-08-15 00:20:17,34.08,37.21,2270,0,unverified,Imported from sensor_history(2).csv,2026-08-15 00:20:17
2026-08-15 00:20:22,34.09,37.23,2273,1,unverified,Imported from sensor_history(2).csv,2026-08-15 00:20:22
2026-08-15 00:20:27,34.14,36.81,2266,0,unverified,Imported from sensor_history(2).csv,2026-08-15 00:20:27
2026-08-15 00:20:32,34.06,36.62,2270,1,unverified,Imported from sensor_history(2).csv,2026-08-15 00:20:32
2026-08-15 00:20:36,34.16,36.38,2262,1,unverified,Imported from sensor_history(2).csv,2026-08-15 00:20:36
2026-08-15 00:20:41,34.18,36.0,2256,1,unverified,Imported from sensor_history(2).csv,2026-08-15 00:20:41
2026-08-15 00:20:46,34.01,36.01,2251,0,unverified,Imported from sensor_history(2).csv,2026-08-15 00:20:46
2026-08-15 00:20:52,33.84,35.59,2252,0,unverified,Imported from sensor_history(2).csv,2026-08-15 00:20:52
2026-08-15 00:20:57,33.88,35.36,2264,0,unverified,Imported from sensor_history(2).csv,2026-08-15 00:20:57
2026-08-15 00:21:02,33.9,35.29,2273,1,unverified,Imported from sensor_history(2).csv,2026-08-15 00:21:02
2026-08-15 00:21:07,33.93,35.17,2280,0,unverified,Imported from sensor_history(2).csv,2026-08-15 00:21:07
2026-08-15 00:21:12,33.96,35.27,2274,1,unverified,Imported from sensor_history(2).csv,2026-08-15 00:21:12
2026-08-15 00:21:17,34.02,35.35,2273,0,unverified,Imported from sensor_history(2).csv,2026-08-15 00:21:17
2026-08-15 00:21:21,34.15,35.52,2279,0,unverified,Imported from sensor_history(2).csv,2026-08-15 00:21:21
2026-08-15 00:21:27,34.06,35.65,2277,1,unverified,Imported from sensor_history(2).csv,2026-08-15 00:21:27
2026-08-15 00:21:33,33.97,35.83,2279,0,unverified,Imported from sensor_history(2).csv,2026-08-15 00:21:33
2026-08-15 00:21:38,33.9,35.78,2286,0,unverified,Imported from sensor_history(2).csv,2026-08-15 00:21:38
2026-08-15 00:21:43,33.97,35.8,2286,1,unverified,Imported from sensor_history(2).csv,2026-08-15 00:21:43
2026-08-15 00:21:47,34.13,35.84,2291,1,unverified,Imported from sensor_history(2).csv,2026-08-15 00:21:47
2026-08-15 00:21:53,34.11,35.81,2307,1,unverified,Imported from sensor_history(2).csv,2026-08-15 00:21:53
2026-08-15 00:21:58,33.89,35.68,2307,1,unverified,Imported from sensor_history(2).csv,2026-08-15 00:21:58
2026-08-15 00:22:03,33.76,35.56,2319,1,unverified,Imported from sensor_history(2).csv,2026-08-15 00:22:03
2026-08-15 00:22:08,33.73,35.37,2324,0,unverified,Imported from sensor_history(2).csv,2026-08-15 00:22:08
2026-08-15 00:22:13,33.74,35.4,2313,1,unverified,Imported from sensor_history(2).csv,2026-08-15 00:22:13
2026-08-15 00:22:18,33.75,35.34,2306,0,unverified,Imported from sensor_history(2).csv,2026-08-15 00:22:18
2026-08-15 00:22:22,33.82,35.18,2302,0,unverified,Imported from sensor_history(2).csv,2026-08-15 00:22:22
2026-08-15 00:22:28,33.84,35.02,2298,0,unverified,Imported from sensor_history(2).csv,2026-08-15 00:22:28
2026-08-15 00:22:33,33.99,34.77,2301,0,unverified,Imported from sensor_history(2).csv,2026-08-15 00:22:33
2026-08-15 00:22:38,33.97,34.94,2309,1,unverified,Imported from sensor_history(2).csv,2026-08-15 00:22:38
2026-08-15 00:22:43,33.92,34.92,2322,1,unverified,Imported from sensor_history(2).csv,2026-08-15 00:22:43
2026-08-15 00:22:48,34.02,34.73,2327,1,unverified,Imported from sensor_history(2).csv,2026-08-15 00:22:48
2026-08-15 00:22:53,33.9,34.85,2325,0,unverified,Imported from sensor_history(2).csv,2026-08-15 00:22:53
2026-08-15 00:22:58,33.99,34.71,2310,0,unverified,Imported from sensor_history(2).csv,2026-08-15 00:22:58
2026-08-15 00:23:02,34.04,34.43,2314,1,unverified,Imported from sensor_history(2).csv,2026-08-15 00:23:02
2026-08-15 00:23:07,34.07,34.6,2317,1,unverified,Imported from sensor_history(2).csv,2026-08-15 00:23:07
2026-08-15 00:23:12,34.26,34.47,2321,0,unverified,Imported from sensor_history(2).csv,2026-08-15 00:23:12
2026-08-15 00:23:17,34.22,34.37,2341,1,unverified,Imported from sensor_history(2).csv,2026-08-15 00:23:17
2026-08-15 00:23:22,34.45,34.35,2352,0,unverified,Imported from sensor_history(2).csv,2026-08-15 00:23:22
2026-08-15 00:23:27,34.44,34.53,2359,1,unverified,Imported from sensor_history(2).csv,2026-08-15 00:23:27
2026-08-15 00:23:32,34.32,34.49,2351,1,unverified,Imported from sensor_history(2).csv,2026-08-15 00:23:32
2026-08-15 00:23:37,34.35,34.22,2348,1,unverified,Imported from sensor_history(2).csv,2026-08-15 00:23:37
2026-08-15 00:23:42,34.26,34.29,2348,1,unverified,Imported from sensor_history(2).csv,2026-08-15 00:23:42
2026-08-15 00:23:47,34.21,34.16,2343,1,unverified,Imported from sensor_history(2).csv,2026-08-15 00:23:47
2026-08-15 00:23:52,34.28,34.47,2349,0,unverified,Imported from sensor_history(2).csv,2026-08-15 00:23:52
2026-08-15 00:23:56,34.36,34.4,2353,1,unverified,Imported from sensor_history(2).csv,2026-08-15 00:23:56
2026-08-15 00:24:01,34.31,33.94,2345,0,unverified,Imported from sensor_history(2).csv,2026-08-15 00:24:01
2026-08-15 00:24:07,34.44,33.97,2356,1,unverified,Imported from sensor_history(2).csv,2026-08-15 00:24:07
2026-08-15 00:24:11,34.57,34.28,2358,1,unverified,Imported from sensor_history(2).csv,2026-08-15 00:24:11
2026-08-15 00:24:16,34.71,34.49,2345,1,unverified,Imported from sensor_history(2).csv,2026-08-15 00:24:16
2026-08-15 00:24:21,34.76,34.73,2347,1,unverified,Imported from sensor_history(2).csv,2026-08-15 00:24:21
2026-08-15 00:24:26,34.88,34.44,2351,1,unverified,Imported from sensor_history(2).csv,2026-08-15 00:24:26
2026-08-15 00:24:31,34.68,34.5,2361,1,unverified,Imported from sensor_history(2).csv,2026-08-15 00:24:31
2026-08-15 00:24:36,34.64,34.27,2359,0,unverified,Imported from sensor_history(2).csv,2026-08-15 00:24:36
2026-08-15 00:24:41,34.56,34.22,2367,0,unverified,Imported from sensor_history(2).csv,2026-08-15 00:24:41
2026-08-15 00:24:45,34.58,33.9,2369,0,unverified,Imported from sensor_history(2).csv,2026-08-15 00:24:45
2026-08-15 00:24:50,34.53,33.71,2359,1,unverified,Imported from sensor_history(2).csv,2026-08-15 00:24:50
2026-08-15 00:24:54,34.52,33.52,2350,0,unverified,Imported from sensor_history(2).csv,2026-08-15 00:24:54
2026-08-15 00:24:59,34.72,33.64,2361,0,unverified,Imported from sensor_history(2).csv,2026-08-15 00:24:59
2026-08-15 00:25:05,34.7,33.71,2372,1,unverified,Imported from sensor_history(2).csv,2026-08-15 00:25:05
2026-08-15 00:25:09,34.75,33.69,2375,1,unverified,Imported from sensor_history(2).csv,2026-08-15 00:25:09
2026-08-15 00:25:14,34.72,33.37,2388,1,unverified,Imported from sensor_history(2).csv,2026-08-15 00:25:14
2026-08-15 00:25:19,34.73,33.25,2396,0,unverified,Imported from sensor_history(2).csv,2026-08-15 00:25:19
2026-08-15 00:25:24,34.73,33.06,2400,1,unverified,Imported from sensor_history(2).csv,2026-08-15 00:25:24
2026-08-15 00:25:29,34.77,33.18,2392,1,unverified,Imported from sensor_history(2).csv,2026-08-15 00:25:29
2026-08-15 00:25:34,34.89,33.33,2405,0,unverified,Imported from sensor_history(2).csv,2026-08-15 00:25:34
2026-08-15 00:25:39,35.04,33.45,2408,1,unverified,Imported from sensor_history(2).csv,2026-08-15 00:25:39
2026-08-15 00:25:45,35.05,33.22,2403,0,unverified,Imported from sensor_history(2).csv,2026-08-15 00:25:45
2026-08-15 00:25:50,35.08,32.65,2397,0,unverified,Imported from sensor_history(2).csv,2026-08-15 00:25:50
2026-08-15 00:25:55,34.94,32.3,2398,0,unverified,Imported from sensor_history(2).csv,2026-08-15 00:25:55
2026-08-15 00:26:00,34.92,32.54,2384,0,unverified,Imported from sensor_history(2).csv,2026-08-15 00:26:00
2026-08-15 00:26:06,35.01,32.44,2390,1,unverified,Imported from sensor_history(2).csv,2026-08-15 00:26:06
2026-08-15 00:26:10,35.08,32.27,2383,0,unverified,Imported from sensor_history(2).csv,2026-08-15 00:26:10
2026-08-15 00:26:15,35.08,32.54,2386,0,unverified,Imported from sensor_history(2).csv,2026-08-15 00:26:15
2026-08-15 00:26:20,35.15,32.72,2383,0,unverified,Imported from sensor_history(2).csv,2026-08-15 00:26:20
2026-08-15 00:26:25,35.17,32.65,2381,1,unverified,Imported from sensor_history(2).csv,2026-08-15 00:26:25
2026-08-15 00:26:30,35.26,32.53,2376,1,unverified,Imported from sensor_history(2).csv,2026-08-15 00:26:30
2026-08-15 00:26:34,35.26,32.44,2376,1,unverified,Imported from sensor_history(2).csv,2026-08-15 00:26:34
2026-08-15 00:26:40,35.19,32.42,2393,1,unverified,Imported from sensor_history(2).csv,2026-08-15 00:26:40
2026-08-15 00:26:44,35.2,32.64,2404,0,unverified,Imported from sensor_history(2).csv,2026-08-15 00:26:44
2026-08-15 00:26:49,34.88,32.63,2406,0,unverified,Imported from sensor_history(2).csv,2026-08-15 00:26:49
2026-08-15 00:26:55,34.92,32.67,2405,0,unverified,Imported from sensor_history(2).csv,2026-08-15 00:26:55
2026-08-15 00:27:00,34.55,32.78,2411,0,unverified,Imported from sensor_history(2).csv,2026-08-15 00:27:00
2026-08-15 00:27:04,34.41,32.46,2419,1,unverified,Imported from sensor_history(2).csv,2026-08-15 00:27:04
2026-08-15 00:27:09,34.49,32.5,2411,1,unverified,Imported from sensor_history(2).csv,2026-08-15 00:27:09
2026-08-15 00:27:14,34.58,32.35,2409,1,unverified,Imported from sensor_history(2).csv,2026-08-15 00:27:14
2026-08-15 00:27:18,34.49,31.8,2394,1,unverified,Imported from sensor_history(2).csv,2026-08-15 00:27:18
2026-08-15 00:27:23,34.45,31.36,2403,1,unverified,Imported from sensor_history(2).csv,2026-08-15 00:27:23
2026-08-15 00:27:28,34.63,31.15,2419,1,unverified,Imported from sensor_history(2).csv,2026-08-15 00:27:28
2026-08-15 00:27:33,34.61,31.24,2418,1,unverified,Imported from sensor_history(2).csv,2026-08-15 00:27:33
2026-08-15 00:27:38,34.86,31.23,2400,1,unverified,Imported from sensor_history(2).csv,2026-08-15 00:27:38
2026-08-15 00:27:43,34.87,31.24,2405,1,unverified,Imported from sensor_history(2).csv,2026-08-15 00:27:43
2026-08-15 00:27:49,34.93,31.55,2397,1,unverified,Imported from sensor_history(2).csv,2026-08-15 00:27:49
2026-08-15 00:27:54,35.09,31.26,2392,1,unverified,Imported from sensor_history(2).csv,2026-08-15 00:27:54
2026-08-15 00:27:58,35.1,31.21,2398,0,unverified,Imported from sensor_history(2).csv,2026-08-15 00:27:58
2026-08-15 00:28:03,35.0,31.22,2400,1,unverified,Imported from sensor_history(2).csv,2026-08-15 00:28:03
2026-08-15 00:28:08,34.99,31.03,2397,1,unverified,Imported from sensor_history(2).csv,2026-08-15 00:28:08
2026-08-15 00:28:13,34.99,30.99,2392,1,unverified,Imported from sensor_history(2).csv,2026-08-15 00:28:13
2026-08-15 00:28:18,34.86,30.66,2394,0,unverified,Imported from sensor_history(2).csv,2026-08-15 00:28:18
2026-08-15 00:28:22,34.85,30.89,2391,1,unverified,Imported from sensor_history(2).csv,2026-08-15 00:28:22
2026-08-15 00:28:27,34.8,30.72,2383,0,unverified,Imported from sensor_history(2).csv,2026-08-15 00:28:27
2026-08-15 00:28:32,34.92,31.05,2382,1,unverified,Imported from sensor_history(2).csv,2026-08-15 00:28:32
2026-08-15 00:28:37,34.93,30.98,2387,0,unverified,Imported from sensor_history(2).csv,2026-08-15 00:28:37
2026-08-15 00:28:43,34.92,31.09,2387,0,unverified,Imported from sensor_history(2).csv,2026-08-15 00:28:43
2026-08-15 00:28:48,34.93,31.0,2377,1,unverified,Imported from sensor_history(2).csv,2026-08-15 00:28:48
2026-08-15 00:28:54,34.97,30.92,2387,0,unverified,Imported from sensor_history(2).csv,2026-08-15 00:28:54
2026-08-15 00:28:59,35.05,30.73,2366,1,unverified,Imported from sensor_history(2).csv,2026-08-15 00:28:59
2026-08-15 00:29:04,34.96,30.69,2366,0,unverified,Imported from sensor_history(2).csv,2026-08-15 00:29:04
2026-08-15 00:29:10,34.87,30.67,2364,1,unverified,Imported from sensor_history(2).csv,2026-08-15 00:29:10
2026-08-15 00:29:16,35.01,30.46,2369,1,unverified,Imported from sensor_history(2).csv,2026-08-15 00:29:16
2026-08-15 00:29:21,34.98,30.38,2376,0,unverified,Imported from sensor_history(2).csv,2026-08-15 00:29:21
2026-08-15 00:29:26,34.86,30.21,2388,0,unverified,Imported from sensor_history(2).csv,2026-08-15 00:29:26
2026-08-15 00:29:31,34.94,30.57,2383,1,unverified,Imported from sensor_history(2).csv,2026-08-15 00:29:31
2026-08-15 00:29:36,35.01,30.47,2390,0,unverified,Imported from sensor_history(2).csv,2026-08-15 00:29:36
2026-08-15 00:29:41,34.88,30.67,2393,1,unverified,Imported from sensor_history(2).csv,2026-08-15 00:29:41
2026-08-15 00:29:46,34.93,30.53,2380,1,unverified,Imported from sensor_history(2).csv,2026-08-15 00:29:46
2026-08-15 00:29:51,35.03,30.48,2398,0,unverified,Imported from sensor_history(2).csv,2026-08-15 00:29:51
2026-08-15 00:29:56,35.09,30.14,2387,1,unverified,Imported from sensor_history(2).csv,2026-08-15 00:29:56
2026-08-15 00:30:00,35.17,29.99,2392,1,unverified,Imported from sensor_history(2).csv,2026-08-15 00:30:00
2026-08-15 00:30:06,35.05,29.96,2396,0,unverified,Imported from sensor_history(2).csv,2026-08-15 00:30:06
2026-08-15 00:30:11,35.1,30.17,2400,1,unverified,Imported from sensor_history(2).csv,2026-08-15 00:30:11
2026-08-15 00:30:16,35.09,30.12,2396,1,unverified,Imported from sensor_history(2).csv,2026-08-15 00:30:16
2026-08-15 00:30:21,35.07,30.28,2404,1,unverified,Imported from sensor_history(2).csv,2026-08-15 00:30:21
2026-08-15 00:30:26,35.18,30.28,2392,0,unverified,Imported from sensor_history(2).csv,2026-08-15 00:30:26
2026-08-15 00:30:32,35.35,30.46,2393,1,unverified,Imported from sensor_history(2).csv,2026-08-15 00:30:32
2026-08-15 00:30:36,35.53,30.31,2390,1,unverified,Imported from sensor_history(2).csv,2026-08-15 00:30:36
2026-08-15 00:30:42,35.66,30.62,2386,0,unverified,Imported from sensor_history(2).csv,2026-08-15 00:30:42
2026-08-15 00:30:48,35.63,30.37,2391,1,unverified,Imported from sensor_history(2).csv,2026-08-15 00:30:48
2026-08-15 00:30:53,35.65,30.09,2401,1,unverified,Imported from sensor_history(2).csv,2026-08-15 00:30:53
2026-08-15 00:30:58,35.71,29.75,2399,0,unverified,Imported from sensor_history(2).csv,2026-08-15 00:30:58
2026-08-15 00:31:03,35.71,30.06,2407,0,unverified,Imported from sensor_history(2).csv,2026-08-15 00:31:03
2026-08-15 00:31:08,35.7,30.08,2407,1,unverified,Imported from sensor_history(2).csv,2026-08-15 00:31:08
2026-08-15 00:31:13,35.77,29.88,2401,0,unverified,Imported from sensor_history(2).csv,2026-08-15 00:31:13
2026-08-15 00:31:17,35.75,29.98,2400,0,unverified,Imported from sensor_history(2).csv,2026-08-15 00:31:17
2026-08-15 00:31:23,35.66,29.96,2398,1,unverified,Imported from sensor_history(2).csv,2026-08-15 00:31:23
2026-08-15 00:31:28,35.61,30.17,2394,0,unverified,Imported from sensor_history(2).csv,2026-08-15 00:31:28
2026-08-15 00:31:34,35.67,29.72,2399,0,unverified,Imported from sensor_history(2).csv,2026-08-15 00:31:34
2026-08-15 00:31:38,35.66,29.54,2402,1,unverified,Imported from sensor_history(2).csv,2026-08-15 00:31:38
2026-08-15 00:31:44,35.69,29.33,2390,1,unverified,Imported from sensor_history(2).csv,2026-08-15 00:31:44
2026-08-15 00:31:48,35.76,28.86,2379,0,unverified,Imported from sensor_history(2).csv,2026-08-15 00:31:48
2026-08-15 00:31:53,35.71,28.97,2385,0,unverified,Imported from sensor_history(2).csv,2026-08-15 00:31:53
2026-08-15 00:31:58,35.78,28.83,2381,1,unverified,Imported from sensor_history(2).csv,2026-08-15 00:31:58
2026-08-15 00:32:02,35.81,28.88,2386,0,unverified,Imported from sensor_history(2).csv,2026-08-15 00:32:02
2026-08-15 00:32:08,35.68,29.2,2395,0,unverified,Imported from sensor_history(2).csv,2026-08-15 00:32:08
2026-08-15 00:32:12,35.82,29.01,2387,0,unverified,Imported from sensor_history(2).csv,2026-08-15 00:32:12
2026-08-15 00:32:17,35.77,28.82,2378,0,unverified,Imported from sensor_history(2).csv,2026-08-15 00:32:17
2026-08-15 00:32:22,35.6,28.73,2395,1,unverified,Imported from sensor_history(2).csv,2026-08-15 00:32:22
2026-08-15 00:32:27,35.51,28.81,2399,1,unverified,Imported from sensor_history(2).csv,2026-08-15 00:32:27
2026-08-15 00:32:32,35.42,28.59,2398,1,unverified,Imported from sensor_history(2).csv,2026-08-15 00:32:32
2026-08-15 00:32:37,35.46,28.37,2392,1,unverified,Imported from sensor_history(2).csv,2026-08-15 00:32:37
2026-08-15 00:32:42,35.46,28.47,2390,1,unverified,Imported from sensor_history(2).csv,2026-08-15 00:32:42
2026-08-15 00:32:47,35.45,28.44,2383,0,unverified,Imported from sensor_history(2).csv,2026-08-15 00:32:47
2026-08-15 00:32:52,35.55,27.96,2393,0,unverified,Imported from sensor_history(2).csv,2026-08-15 00:32:52
2026-08-15 00:32:57,35.61,27.67,2390,1,unverified,Imported from sensor_history(2).csv,2026-08-15 00:32:57
2026-08-15 00:33:02,35.66,27.89,2401,1,unverified,Imported from sensor_history(2).csv,2026-08-15 00:33:02
2026-08-15 00:33:07,35.72,27.88,2400,1,unverified,Imported from sensor_history(2).csv,2026-08-15 00:33:07
2026-08-15 00:33:12,35.79,27.67,2393,1,unverified,Imported from sensor_history(2).csv,2026-08-15 00:33:12
2026-08-15 00:33:17,35.59,27.57,2393,1,unverified,Imported from sensor_history(2).csv,2026-08-15 00:33:17
2026-08-15 00:33:21,35.58,27.5,2374,1,unverified,Imported from sensor_history(2).csv,2026-08-15 00:33:21
2026-08-15 00:33:26,35.4,27.57,2378,1,unverified,Imported from sensor_history(2).csv,2026-08-15 00:33:26
2026-08-15 00:33:31,35.45,27.25,2380,1,unverified,Imported from sensor_history(2).csv,2026-08-15 00:33:31
2026-08-15 00:33:36,35.49,27.05,2391,1,unverified,Imported from sensor_history(2).csv,2026-08-15 00:33:36
2026-08-15 00:33:41,35.64,27.05,2379,1,unverified,Imported from sensor_history(2).csv,2026-08-15 00:33:41
2026-08-15 00:33:46,35.79,26.99,2392,1,unverified,Imported from sensor_history(2).csv,2026-08-15 00:33:46
2026-08-15 00:33:50,35.83,27.04,2402,1,unverified,Imported from sensor_history(2).csv,2026-08-15 00:33:50
2026-08-15 00:33:55,35.8,26.77,2415,0,unverified,Imported from sensor_history(2).csv,2026-08-15 00:33:55
2026-08-15 00:34:00,35.87,26.79,2416,0,unverified,Imported from sensor_history(2).csv,2026-08-15 00:34:00
2026-08-15 00:34:04,35.83,26.94,2425,1,unverified,Imported from sensor_history(2).csv,2026-08-15 00:34:04
2026-08-15 00:34:09,35.85,26.97,2415,1,unverified,Imported from sensor_history(2).csv,2026-08-15 00:34:09
2026-08-15 00:34:14,35.98,26.92,2422,1,unverified,Imported from sensor_history(2).csv,2026-08-15 00:34:14
2026-08-15 00:34:19,35.93,26.83,2417,1,unverified,Imported from sensor_history(2).csv,2026-08-15 00:34:19
2026-08-15 00:34:23,36.03,26.61,2406,1,unverified,Imported from sensor_history(2).csv,2026-08-15 00:34:23
2026-08-15 00:34:29,36.11,26.55,2400,1,unverified,Imported from sensor_history(2).csv,2026-08-15 00:34:29
2026-08-15 00:34:33,36.03,26.72,2403,1,unverified,Imported from sensor_history(2).csv,2026-08-15 00:34:33
2026-08-15 00:34:39,36.14,26.62,2400,1,unverified,Imported from sensor_history(2).csv,2026-08-15 00:34:39
2026-08-15 00:34:44,36.22,26.39,2406,1,unverified,Imported from sensor_history(2).csv,2026-08-15 00:34:44
2026-08-15 00:34:49,36.23,26.25,2395,1,unverified,Imported from sensor_history(2).csv,2026-08-15 00:34:49
2026-08-15 00:34:54,36.16,26.23,2382,1,unverified,Imported from sensor_history(2).csv,2026-08-15 00:34:54
2026-08-15 00:34:59,36.09,26.11,2398,1,unverified,Imported from sensor_history(2).csv,2026-08-15 00:34:59
2026-08-15 00:35:04,36.05,26.15,2409,1,unverified,Imported from sensor_history(2).csv,2026-08-15 00:35:04
2026-08-15 00:35:09,36.13,26.19,2404,1,unverified,Imported from sensor_history(2).csv,2026-08-15 00:35:09
2026-08-15 00:35:14,36.05,26.28,2408,1,unverified,Imported from sensor_history(2).csv,2026-08-15 00:35:14
2026-08-15 00:35:19,36.12,26.46,2420,1,unverified,Imported from sensor_history(2).csv,2026-08-15 00:35:19
2026-08-15 00:35:25,36.01,26.59,2425,0,unverified,Imported from sensor_history(2).csv,2026-08-15 00:35:25
2026-08-15 00:35:30,36.01,26.33,2428,1,unverified,Imported from sensor_history(2).csv,2026-08-15 00:35:30
2026-08-15 00:35:35,36.05,26.1,2439,1,unverified,Imported from sensor_history(2).csv,2026-08-15 00:35:35
2026-08-15 00:35:40,36.32,26.03,2434,1,unverified,Imported from sensor_history(2).csv,2026-08-15 00:35:40
2026-08-15 00:35:45,36.19,25.89,2435,1,unverified,Imported from sensor_history(2).csv,2026-08-15 00:35:45
2026-08-15 00:35:50,36.35,25.64,2437,1,unverified,Imported from sensor_history(2).csv,2026-08-15 00:35:50
2026-08-15 00:35:56,36.37,25.53,2436,1,unverified,Imported from sensor_history(2).csv,2026-08-15 00:35:56
2026-08-15 00:36:01,36.42,25.42,2434,1,unverified,Imported from sensor_history(2).csv,2026-08-15 00:36:01
2026-08-15 00:36:06,36.43,25.28,2437,0,unverified,Imported from sensor_history(2).csv,2026-08-15 00:36:06
2026-08-15 00:36:11,36.48,25.21,2439,1,unverified,Imported from sensor_history(2).csv,2026-08-15 00:36:11
2026-08-15 00:36:15,36.46,25.41,2432,1,unverified,Imported from sensor_history(2).csv,2026-08-15 00:36:15
2026-08-15 00:36:20,36.61,25.42,2441,1,unverified,Imported from sensor_history(2).csv,2026-08-15 00:36:20
2026-08-15 00:36:25,36.56,25.83,2435,1,unverified,Imported from sensor_history(2).csv,2026-08-15 00:36:25
2026-08-15 00:36:31,36.67,25.79,2435,1,unverified,Imported from sensor_history(2).csv,2026-08-15 00:36:31
2026-08-15 00:36:35,36.59,25.67,2435,1,unverified,Imported from sensor_history(2).csv,2026-08-15 00:36:35
2026-08-15 00:36:40,36.58,25.61,2440,1,unverified,Imported from sensor_history(2).csv,2026-08-15 00:36:40
2026-08-15 00:36:46,36.48,25.6,2425,1,unverified,Imported from sensor_history(2).csv,2026-08-15 00:36:46
2026-08-15 00:36:50,36.53,25.61,2436,1,unverified,Imported from sensor_history(2).csv,2026-08-15 00:36:50
2026-08-15 00:36:55,36.68,25.92,2433,1,unverified,Imported from sensor_history(2).csv,2026-08-15 00:36:55
2026-08-15 00:37:00,36.67,25.67,2446,1,unverified,Imported from sensor_history(2).csv,2026-08-15 00:37:00
2026-08-15 00:37:05,36.64,25.75,2444,1,unverified,Imported from sensor_history(2).csv,2026-08-15 00:37:05
2026-08-15 00:37:11,36.53,25.7,2446,1,unverified,Imported from sensor_history(2).csv,2026-08-15 00:37:11
2026-08-15 00:37:16,36.52,25.33,2463,1,unverified,Imported from sensor_history(2).csv,2026-08-15 00:37:16
2026-08-15 00:37:21,36.37,25.41,2462,1,unverified,Imported from sensor_history(2).csv,2026-08-15 00:37:21
2026-08-15 00:37:26,36.31,25.56,2473,1,unverified,Imported from sensor_history(2).csv,2026-08-15 00:37:26
2026-08-15 00:37:31,36.36,25.32,2474,1,unverified,Imported from sensor_history(2).csv,2026-08-15 00:37:31
2026-08-15 00:37:37,36.52,25.25,2478,1,unverified,Imported from sensor_history(2).csv,2026-08-15 00:37:37
2026-08-15 00:37:42,36.82,24.87,2478,1,unverified,Imported from sensor_history(2).csv,2026-08-15 00:37:42
2026-08-15 00:37:48,36.76,24.61,2485,1,unverified,Imported from sensor_history(2).csv,2026-08-15 00:37:48
2026-08-15 00:37:53,36.9,24.78,2480,1,unverified,Imported from sensor_history(2).csv,2026-08-15 00:37:53
2026-08-15 00:37:58,36.92,24.65,2472,1,unverified,Imported from sensor_history(2).csv,2026-08-15 00:37:58
2026-08-15 00:38:03,36.89,24.42,2468,1,unverified,Imported from sensor_history(2).csv,2026-08-15 00:38:03
2026-08-15 00:38:08,36.93,24.45,2471,1,unverified,Imported from sensor_history(2).csv,2026-08-15 00:38:08
2026-08-15 00:38:14,36.93,24.33,2470,1,unverified,Imported from sensor_history(2).csv,2026-08-15 00:38:14
2026-08-15 00:38:19,36.94,24.23,2478,0,unverified,Imported from sensor_history(2).csv,2026-08-15 00:38:19
2026-08-15 00:38:24,36.89,24.35,2489,1,unverified,Imported from sensor_history(2).csv,2026-08-15 00:38:24
2026-08-15 00:38:29,36.75,24.12,2482,1,unverified,Imported from sensor_history(2).csv,2026-08-15 00:38:29
2026-08-15 00:38:34,36.61,23.95,2477,1,unverified,Imported from sensor_history(2).csv,2026-08-15 00:38:34
2026-08-15 00:38:39,36.7,23.98,2467,1,unverified,Imported from sensor_history(2).csv,2026-08-15 00:38:39
2026-08-15 00:38:45,36.69,24.15,2485,1,unverified,Imported from sensor_history(2).csv,2026-08-15 00:38:45
2026-08-15 00:38:50,36.65,24.36,2489,1,unverified,Imported from sensor_history(2).csv,2026-08-15 00:38:50
2026-08-15 00:38:55,36.68,24.2,2494,1,unverified,Imported from sensor_history(2).csv,2026-08-15 00:38:55
2026-08-15 00:38:59,36.78,24.34,2483,1,unverified,Imported from sensor_history(2).csv,2026-08-15 00:38:59
2026-08-15 00:39:04,36.82,24.15,2485,1,unverified,Imported from sensor_history(2).csv,2026-08-15 00:39:04
2026-08-15 00:39:09,36.77,24.45,2490,1,unverified,Imported from sensor_history(2).csv,2026-08-15 00:39:09
2026-08-15 00:39:14,36.91,24.19,2490,1,unverified,Imported from sensor_history(2).csv,2026-08-15 00:39:14
2026-08-15 00:39:20,37.08,24.39,2500,1,unverified,Imported from sensor_history(2).csv,2026-08-15 00:39:20
2026-08-15 00:39:25,37.13,24.21,2519,1,unverified,Imported from sensor_history(2).csv,2026-08-15 00:39:25
2026-08-15 00:39:30,37.22,24.53,2510,1,unverified,Imported from sensor_history(2).csv,2026-08-15 00:39:30
2026-08-15 00:39:35,37.34,24.56,2502,1,unverified,Imported from sensor_history(2).csv,2026-08-15 00:39:35
2026-08-15 00:39:39,37.43,24.29,2496,0,unverified,Imported from sensor_history(2).csv,2026-08-15 00:39:39
2026-08-15 00:39:45,37.47,24.14,2510,1,unverified,Imported from sensor_history(2).csv,2026-08-15 00:39:45
2026-08-15 00:39:49,37.51,24.22,2519,1,unverified,Imported from sensor_history(2).csv,2026-08-15 00:39:49
2026-08-15 00:39:54,37.53,24.35,2518,1,unverified,Imported from sensor_history(2).csv,2026-08-15 00:39:54
2026-08-15 00:39:59,37.39,24.26,2518,1,unverified,Imported from sensor_history(2).csv,2026-08-15 00:39:59
2026-08-15 00:40:05,37.45,24.2,2511,1,unverified,Imported from sensor_history(2).csv,2026-08-15 00:40:05
2026-08-15 00:40:10,37.29,24.26,2519,1,unverified,Imported from sensor_history(2).csv,2026-08-15 00:40:10
2026-08-15 00:40:15,37.21,24.21,2516,1,unverified,Imported from sensor_history(2).csv,2026-08-15 00:40:15
2026-08-15 00:40:20,37.34,23.9,2515,1,unverified,Imported from sensor_history(2).csv,2026-08-15 00:40:20
2026-08-15 00:40:26,37.42,23.7,2520,1,unverified,Imported from sensor_history(2).csv,2026-08-15 00:40:26
2026-08-15 00:40:31,37.56,23.7,2519,1,unverified,Imported from sensor_history(2).csv,2026-08-15 00:40:31
2026-08-15 00:40:35,37.51,23.87,2518,1,unverified,Imported from sensor_history(2).csv,2026-08-15 00:40:35
2026-08-15 00:40:40,37.38,24.1,2519,1,unverified,Imported from sensor_history(2).csv,2026-08-15 00:40:40
2026-08-15 00:40:45,37.36,24.16,2526,1,unverified,Imported from sensor_history(2).csv,2026-08-15 00:40:45
2026-08-15 00:40:50,37.37,24.12,2539,1,unverified,Imported from sensor_history(2).csv,2026-08-15 00:40:50
2026-08-15 00:40:55,37.37,24.17,2543,1,unverified,Imported from sensor_history(2).csv,2026-08-15 00:40:55
2026-08-15 00:40:59,37.49,23.95,2549,1,unverified,Imported from sensor_history(2).csv,2026-08-15 00:40:59
2026-08-15 00:41:05,37.45,23.84,2546,1,unverified,Imported from sensor_history(2).csv,2026-08-15 00:41:05
2026-08-15 00:41:09,37.48,23.62,2539,1,unverified,Imported from sensor_history(2).csv,2026-08-15 00:41:09
2026-08-15 00:41:15,37.38,23.33,2544,1,unverified,Imported from sensor_history(2).csv,2026-08-15 00:41:15
2026-08-15 00:41:20,37.43,23.35,2545,1,unverified,Imported from sensor_history(2).csv,2026-08-15 00:41:20
2026-08-15 00:41:25,37.43,23.34,2533,1,unverified,Imported from sensor_history(2).csv,2026-08-15 00:41:25
2026-08-15 00:41:30,37.36,23.42,2531,1,unverified,Imported from sensor_history(2).csv,2026-08-15 00:41:30
2026-08-15 00:41:34,37.35,23.46,2531,1,unverified,Imported from sensor_history(2).csv,2026-08-15 00:41:34
2026-08-15 00:41:40,37.35,23.45,2528,1,unverified,Imported from sensor_history(2).csv,2026-08-15 00:41:40
2026-08-15 00:41:45,37.34,23.48,2541,1,unverified,Imported from sensor_history(2).csv,2026-08-15 00:41:45
2026-08-15 00:41:50,37.53,23.41,2545,1,unverified,Imported from sensor_history(2).csv,2026-08-15 00:41:50
2026-08-15 00:41:55,37.52,23.42,2555,1,unverified,Imported from sensor_history(2).csv,2026-08-15 00:41:55
2026-08-15 00:42:00,37.51,23.22,2557,1,unverified,Imported from sensor_history(2).csv,2026-08-15 00:42:00
2026-08-15 00:42:05,37.3,23.23,2556,1,unverified,Imported from sensor_history(2).csv,2026-08-15 00:42:05
2026-08-15 00:42:10,37.24,23.29,2548,1,unverified,Imported from sensor_history(2).csv,2026-08-15 00:42:10
2026-08-15 00:42:15,37.25,23.11,2548,1,unverified,Imported from sensor_history(2).csv,2026-08-15 00:42:15
2026-08-15 00:42:20,37.21,23.06,2548,1,unverified,Imported from sensor_history(2).csv,2026-08-15 00:42:20
2026-08-15 00:42:26,37.39,22.9,2537,1,unverified,Imported from sensor_history(2).csv,2026-08-15 00:42:26
2026-08-15 00:42:31,37.4,22.76,2534,1,unverified,Imported from sensor_history(2).csv,2026-08-15 00:42:31
2026-08-15 00:42:35,37.55,22.52,2533,1,unverified,Imported from sensor_history(2).csv,2026-08-15 00:42:35
2026-08-15 00:42:41,37.57,22.73,2538,1,unverified,Imported from sensor_history(2).csv,2026-08-15 00:42:41
2026-08-15 00:42:46,37.59,22.89,2543,1,unverified,Imported from sensor_history(2).csv,2026-08-15 00:42:46
2026-08-15 00:42:51,37.59,22.93,2539,1,unverified,Imported from sensor_history(2).csv,2026-08-15 00:42:51
2026-08-15 00:42:56,37.61,23.23,2544,0,unverified,Imported from sensor_history(2).csv,2026-08-15 00:42:56
2026-08-15 00:43:01,37.8,23.11,2543,1,unverified,Imported from sensor_history(2).csv,2026-08-15 00:43:01
2026-08-15 00:43:06,37.57,23.58,2521,1,unverified,Imported from sensor_history(2).csv,2026-08-15 00:43:06
2026-08-15 00:43:10,37.39,23.42,2520,1,unverified,Imported from sensor_history(2).csv,2026-08-15 00:43:10
2026-08-15 00:43:15,37.37,23.36,2532,1,unverified,Imported from sensor_history(2).csv,2026-08-15 00:43:15
2026-08-15 00:43:20,37.41,23.18,2520,1,unverified,Imported from sensor_history(2).csv,2026-08-15 00:43:20
2026-08-15 00:43:25,37.52,23.16,2524,1,unverified,Imported from sensor_history(2).csv,2026-08-15 00:43:25
2026-08-15 00:43:30,37.59,23.22,2539,1,unverified,Imported from sensor_history(2).csv,2026-08-15 00:43:30
2026-08-15 00:43:34,37.58,23.09,2535,1,unverified,Imported from sensor_history(2).csv,2026-08-15 00:43:34
2026-08-15 00:43:39,37.71,23.32,2537,1,unverified,Imported from sensor_history(2).csv,2026-08-15 00:43:39
2026-08-15 00:43:44,37.83,23.25,2528,1,unverified,Imported from sensor_history(2).csv,2026-08-15 00:43:44
2026-08-15 00:43:50,37.86,23.19,2544,0,unverified,Imported from sensor_history(2).csv,2026-08-15 00:43:50
2026-08-15 00:43:55,37.97,22.92,2545,1,unverified,Imported from sensor_history(2).csv,2026-08-15 00:43:55
2026-08-15 00:43:59,38.0,22.9,2546,1,unverified,Imported from sensor_history(2).csv,2026-08-15 00:43:59
2026-08-15 00:44:04,37.94,22.79,2558,1,unverified,Imported from sensor_history(2).csv,2026-08-15 00:44:04
2026-08-15 00:44:09,38.02,22.6,2564,1,unverified,Imported from sensor_history(2).csv,2026-08-15 00:44:09
2026-08-15 00:44:14,38.03,22.39,2557,1,unverified,Imported from sensor_history(2).csv,2026-08-15 00:44:14
2026-08-15 00:44:19,38.03,22.81,2552,1,unverified,Imported from sensor_history(2).csv,2026-08-15 00:44:19
2026-08-15 00:44:24,38.19,22.67,2557,1,unverified,Imported from sensor_history(2).csv,2026-08-15 00:44:24
2026-08-15 00:44:29,37.93,22.33,2553,1,unverified,Imported from sensor_history(2).csv,2026-08-15 00:44:29
2026-08-15 00:44:33,37.81,22.14,2536,1,unverified,Imported from sensor_history(2).csv,2026-08-15 00:44:33
2026-08-15 00:44:39,37.71,22.09,2538,1,unverified,Imported from sensor_history(2).csv,2026-08-15 00:44:39
2026-08-15 00:44:44,37.71,22.14,2529,1,unverified,Imported from sensor_history(2).csv,2026-08-15 00:44:44
2026-08-15 00:44:49,37.72,22.19,2544,1,unverified,Imported from sensor_history(2).csv,2026-08-15 00:44:49
2026-08-15 00:44:55,37.61,22.26,2547,1,unverified,Imported from sensor_history(2).csv,2026-08-15 00:44:55
2026-08-15 00:45:00,37.55,22.08,2542,1,unverified,Imported from sensor_history(2).csv,2026-08-15 00:45:00
2026-08-15 00:45:04,37.52,22.09,2538,1,unverified,Imported from sensor_history(2).csv,2026-08-15 00:45:04
2026-08-15 00:45:10,37.82,21.88,2525,1,unverified,Imported from sensor_history(2).csv,2026-08-15 00:45:10
2026-08-15 00:45:14,38.04,21.73,2519,1,unverified,Imported from sensor_history(2).csv,2026-08-15 00:45:14
2026-08-15 00:45:20,38.01,21.53,2531,1,unverified,Imported from sensor_history(2).csv,2026-08-15 00:45:20
2026-08-15 00:45:25,38.0,21.3,2552,1,unverified,Imported from sensor_history(2).csv,2026-08-15 00:45:25
2026-08-15 00:45:29,37.9,21.49,2559,1,unverified,Imported from sensor_history(2).csv,2026-08-15 00:45:29
2026-08-15 00:45:35,37.75,21.6,2559,1,unverified,Imported from sensor_history(2).csv,2026-08-15 00:45:35
2026-08-15 00:45:40,37.78,21.74,2556,0,unverified,Imported from sensor_history(2).csv,2026-08-15 00:45:40
2026-08-15 00:45:45,37.72,21.71,2549,1,unverified,Imported from sensor_history(2).csv,2026-08-15 00:45:45
2026-08-15 00:45:51,37.77,21.81,2567,1,unverified,Imported from sensor_history(2).csv,2026-08-15 00:45:51
2026-08-15 00:45:55,37.65,21.44,2565,1,unverified,Imported from sensor_history(2).csv,2026-08-15 00:45:55
2026-08-15 00:46:01,37.64,21.57,2582,1,unverified,Imported from sensor_history(2).csv,2026-08-15 00:46:01
2026-08-15 00:46:06,37.71,21.56,2592,1,unverified,Imported from sensor_history(2).csv,2026-08-15 00:46:06
2026-08-15 00:46:11,37.8,21.64,2576,0,unverified,Imported from sensor_history(2).csv,2026-08-15 00:46:11
2026-08-15 00:46:17,37.89,21.66,2570,1,unverified,Imported from sensor_history(2).csv,2026-08-15 00:46:17
2026-08-15 00:46:22,37.81,21.43,2564,1,unverified,Imported from sensor_history(2).csv,2026-08-15 00:46:22
2026-08-15 00:46:27,37.94,21.13,2564,0,unverified,Imported from sensor_history(2).csv,2026-08-15 00:46:27
2026-08-15 00:46:32,37.91,20.99,2564,1,unverified,Imported from sensor_history(2).csv,2026-08-15 00:46:32
2026-08-15 00:46:37,38.01,21.09,2588,1,unverified,Imported from sensor_history(2).csv,2026-08-15 00:46:37
2026-08-15 00:46:42,38.05,21.2,2578,1,unverified,Imported from sensor_history(2).csv,2026-08-15 00:46:42
2026-08-15 00:46:47,37.95,20.93,2578,1,unverified,Imported from sensor_history(2).csv,2026-08-15 00:46:47
2026-08-15 00:46:52,37.97,20.75,2582,1,unverified,Imported from sensor_history(2).csv,2026-08-15 00:46:52
2026-08-15 00:46:57,38.05,20.63,2581,1,unverified,Imported from sensor_history(2).csv,2026-08-15 00:46:57
2026-08-15 00:47:02,38.15,20.58,2581,1,unverified,Imported from sensor_history(2).csv,2026-08-15 00:47:02
2026-08-15 00:47:07,38.17,20.35,2571,1,unverified,Imported from sensor_history(2).csv,2026-08-15 00:47:07
2026-08-15 00:47:12,38.36,20.13,2572,1,unverified,Imported from sensor_history(2).csv,2026-08-15 00:47:12
2026-08-15 00:47:17,38.48,20.03,2575,1,unverified,Imported from sensor_history(2).csv,2026-08-15 00:47:17
2026-08-15 00:47:22,38.46,20.1,2577,1,unverified,Imported from sensor_history(2).csv,2026-08-15 00:47:22
2026-08-15 00:47:27,38.55,19.94,2581,1,unverified,Imported from sensor_history(2).csv,2026-08-15 00:47:27
2026-08-15 00:47:33,38.75,19.98,2591,1,unverified,Imported from sensor_history(2).csv,2026-08-15 00:47:33
2026-08-15 00:47:38,38.94,20.22,2596,1,unverified,Imported from sensor_history(2).csv,2026-08-15 00:47:38
2026-08-15 00:47:43,38.8,20.02,2594,1,unverified,Imported from sensor_history(2).csv,2026-08-15 00:47:43
2026-08-15 00:47:47,38.69,20.03,2582,1,unverified,Imported from sensor_history(2).csv,2026-08-15 00:47:47
2026-08-15 00:47:52,38.84,20.26,2576,1,unverified,Imported from sensor_history(2).csv,2026-08-15 00:47:52
2026-08-15 00:47:58,38.73,20.21,2574,1,unverified,Imported from sensor_history(2).csv,2026-08-15 00:47:58
2026-08-15 00:48:03,38.59,20.13,2575,1,unverified,Imported from sensor_history(2).csv,2026-08-15 00:48:03
2026-08-15 00:48:08,38.56,20.37,2570,1,unverified,Imported from sensor_history(2).csv,2026-08-15 00:48:08
2026-08-15 00:48:13,38.62,20.33,2562,1,unverified,Imported from sensor_history(2).csv,2026-08-15 00:48:13
2026-08-15 00:48:19,38.62,20.54,2553,1,unverified,Imported from sensor_history(2).csv,2026-08-15 00:48:19
2026-08-15 00:48:24,38.57,20.61,2540,1,unverified,Imported from sensor_history(2).csv,2026-08-15 00:48:24
2026-08-15 00:48:29,38.52,20.53,2540,1,unverified,Imported from sensor_history(2).csv,2026-08-15 00:48:29
2026-08-15 00:48:34,38.47,20.61,2531,1,unverified,Imported from sensor_history(2).csv,2026-08-15 00:48:34
2026-08-15 00:48:38,38.41,20.65,2525,0,unverified,Imported from sensor_history(2).csv,2026-08-15 00:48:38
2026-08-15 00:48:44,38.67,20.81,2525,1,unverified,Imported from sensor_history(2).csv,2026-08-15 00:48:44
2026-08-15 00:48:49,38.71,20.67,2517,1,unverified,Imported from sensor_history(2).csv,2026-08-15 00:48:49
2026-08-15 00:48:54,38.81,20.65,2524,1,unverified,Imported from sensor_history(2).csv,2026-08-15 00:48:54
2026-08-15 00:48:59,38.77,20.61,2533,1,unverified,Imported from sensor_history(2).csv,2026-08-15 00:48:59
2026-08-15 00:49:04,38.76,20.71,2531,1,unverified,Imported from sensor_history(2).csv,2026-08-15 00:49:04
2026-08-15 00:49:09,38.7,20.49,2530,1,unverified,Imported from sensor_history(2).csv,2026-08-15 00:49:09
2026-08-15 00:49:13,38.45,20.65,2537,1,unverified,Imported from sensor_history(2).csv,2026-08-15 00:49:13
2026-08-15 00:49:18,38.35,20.7,2533,1,unverified,Imported from sensor_history(2).csv,2026-08-15 00:49:18
2026-08-15 00:49:23,38.22,20.42,2530,1,unverified,Imported from sensor_history(2).csv,2026-08-15 00:49:23
2026-08-15 00:49:28,38.05,20.62,2542,1,unverified,Imported from sensor_history(2).csv,2026-08-15 00:49:28
2026-08-15 00:49:33,38.0,20.98,2551,1,unverified,Imported from sensor_history(2).csv,2026-08-15 00:49:33
2026-08-15 00:49:38,38.21,21.09,2556,1,unverified,Imported from sensor_history(2).csv,2026-08-15 00:49:38
2026-08-15 00:49:43,38.27,21.27,2564,1,unverified,Imported from sensor_history(2).csv,2026-08-15 00:49:43
2026-08-15 00:49:48,38.46,21.19,2548,1,unverified,Imported from sensor_history(2).csv,2026-08-15 00:49:48
2026-08-15 00:49:53,38.54,20.8,2560,1,unverified,Imported from sensor_history(2).csv,2026-08-15 00:49:53
2026-08-15 00:49:57,38.66,20.41,2564,1,unverified,Imported from sensor_history(2).csv,2026-08-15 00:49:57
2026-08-15 00:50:03,38.6,20.42,2572,0,unverified,Imported from sensor_history(2).csv,2026-08-15 00:50:03
2026-08-15 00:50:08,38.69,20.28,2574,1,unverified,Imported from sensor_history(2).csv,2026-08-15 00:50:08
2026-08-15 00:50:13,38.79,20.09,2574,1,unverified,Imported from sensor_history(2).csv,2026-08-15 00:50:13
2026-08-15 00:50:18,38.75,20.07,2571,1,unverified,Imported from sensor_history(2).csv,2026-08-15 00:50:18
2026-08-15 00:50:23,38.83,20.17,2573,1,unverified,Imported from sensor_history(2).csv,2026-08-15 00:50:23
2026-08-15 00:50:28,38.91,19.89,2570,1,unverified,Imported from sensor_history(2).csv,2026-08-15 00:50:28
2026-08-15 00:50:33,38.87,19.81,2576,1,unverified,Imported from sensor_history(2).csv,2026-08-15 00:50:33
2026-08-15 00:50:38,38.78,20.09,2562,1,unverified,Imported from sensor_history(2).csv,2026-08-15 00:50:38
2026-08-15 00:50:44,38.69,19.88,2558,0,unverified,Imported from sensor_history(2).csv,2026-08-15 00:50:44
2026-08-15 00:50:48,38.73,20.03,2575,1,unverified,Imported from sensor_history(2).csv,2026-08-15 00:50:48
2026-08-15 00:50:53,38.8,19.93,2569,1,unverified,Imported from sensor_history(2).csv,2026-08-15 00:50:53
2026-08-15 00:50:58,38.75,20.02,2567,1,unverified,Imported from sensor_history(2).csv,2026-08-15 00:50:58
2026-08-15 00:51:03,38.78,20.2,2560,1,unverified,Imported from sensor_history(2).csv,2026-08-15 00:51:03
2026-08-15 00:51:08,38.87,20.3,2563,0,unverified,Imported from sensor_history(2).csv,2026-08-15 00:51:08
2026-08-15 00:51:13,38.96,20.42,2557,1,unverified,Imported from sensor_history(2).csv,2026-08-15 00:51:13
2026-08-15 00:51:18,39.13,20.15,2556,1,unverified,Imported from sensor_history(2).csv,2026-08-15 00:51:18
2026-08-15 00:51:22,39.26,20.32,2564,1,unverified,Imported from sensor_history(2).csv,2026-08-15 00:51:22
2026-08-15 00:51:27,39.16,20.12,2558,1,unverified,Imported from sensor_history(2).csv,2026-08-15 00:51:27
2026-08-15 00:51:31,39.33,20.13,2565,1,unverified,Imported from sensor_history(2).csv,2026-08-15 00:51:31
2026-08-15 00:51:36,39.27,20.14,2572,1,unverified,Imported from sensor_history(2).csv,2026-08-15 00:51:36
2026-08-15 00:51:41,39.38,20.18,2580,1,unverified,Imported from sensor_history(2).csv,2026-08-15 00:51:41
2026-08-15 00:51:46,39.37,20.2,2580,1,unverified,Imported from sensor_history(2).csv,2026-08-15 00:51:46
2026-08-15 00:51:51,39.32,20.0,2605,1,unverified,Imported from sensor_history(2).csv,2026-08-15 00:51:51
2026-08-15 00:51:56,39.14,19.73,2611,1,unverified,Imported from sensor_history(2).csv,2026-08-15 00:51:56
2026-08-15 00:52:01,39.13,19.87,2610,1,unverified,Imported from sensor_history(2).csv,2026-08-15 00:52:01
2026-08-15 00:52:06,38.99,19.88,2600,1,unverified,Imported from sensor_history(2).csv,2026-08-15 00:52:06
2026-08-15 00:52:11,39.11,20.06,2597,1,unverified,Imported from sensor_history(2).csv,2026-08-15 00:52:11
2026-08-15 00:52:16,39.28,20.01,2606,1,unverified,Imported from sensor_history(2).csv,2026-08-15 00:52:16
2026-08-15 00:52:21,39.2,19.71,2617,1,unverified,Imported from sensor_history(2).csv,2026-08-15 00:52:21
2026-08-15 00:52:26,39.24,19.87,2625,0,unverified,Imported from sensor_history(2).csv,2026-08-15 00:52:26
2026-08-15 00:52:31,39.18,19.77,2627,1,unverified,Imported from sensor_history(2).csv,2026-08-15 00:52:31
2026-08-15 00:52:36,39.13,19.81,2613,1,unverified,Imported from sensor_history(2).csv,2026-08-15 00:52:36
2026-08-15 00:52:41,39.22,19.66,2614,1,unverified,Imported from sensor_history(2).csv,2026-08-15 00:52:41
2026-08-15 00:52:46,39.23,19.94,2601,1,unverified,Imported from sensor_history(2).csv,2026-08-15 00:52:46
2026-08-15 00:52:51,39.41,19.74,2587,1,unverified,Imported from sensor_history(2).csv,2026-08-15 00:52:51
2026-08-15 00:52:56,39.36,19.65,2588,1,unverified,Imported from sensor_history(2).csv,2026-08-15 00:52:56
2026-08-15 00:53:01,39.47,19.65,2591,1,unverified,Imported from sensor_history(2).csv,2026-08-15 00:53:01
2026-08-15 00:53:07,39.47,19.43,2597,0,unverified,Imported from sensor_history(2).csv,2026-08-15 00:53:07
2026-08-15 00:53:12,39.54,19.48,2600,1,unverified,Imported from sensor_history(2).csv,2026-08-15 00:53:12
2026-08-15 00:53:17,39.49,19.76,2602,1,unverified,Imported from sensor_history(2).csv,2026-08-15 00:53:17
2026-08-15 00:53:22,39.48,19.63,2593,1,unverified,Imported from sensor_history(2).csv,2026-08-15 00:53:22
2026-08-15 00:53:28,39.46,19.68,2591,1,unverified,Imported from sensor_history(2).csv,2026-08-15 00:53:28
2026-08-15 00:53:32,39.38,19.15,2578,1,unverified,Imported from sensor_history(2).csv,2026-08-15 00:53:32
2026-08-15 00:53:37,39.45,19.15,2562,1,unverified,Imported from sensor_history(2).csv,2026-08-15 00:53:37
2026-08-15 00:53:42,39.51,19.1,2570,1,unverified,Imported from sensor_history(2).csv,2026-08-15 00:53:42
2026-08-15 00:53:46,39.57,18.97,2565,1,unverified,Imported from sensor_history(2).csv,2026-08-15 00:53:46
2026-08-15 00:53:51,39.71,19.18,2574,1,unverified,Imported from sensor_history(2).csv,2026-08-15 00:53:51
2026-08-15 00:53:56,39.84,19.12,2584,1,unverified,Imported from sensor_history(2).csv,2026-08-15 00:53:56
2026-08-15 00:54:01,39.77,19.1,2579,1,unverified,Imported from sensor_history(2).csv,2026-08-15 00:54:01
2026-08-15 00:54:06,39.79,19.03,2585,1,unverified,Imported from sensor_history(2).csv,2026-08-15 00:54:06
2026-08-15 00:54:11,39.7,18.7,2580,1,unverified,Imported from sensor_history(2).csv,2026-08-15 00:54:11
2026-08-15 00:54:16,39.69,18.53,2566,1,unverified,Imported from sensor_history(2).csv,2026-08-15 00:54:16
2026-08-15 00:54:21,39.61,18.75,2569,1,unverified,Imported from sensor_history(2).csv,2026-08-15 00:54:21
2026-08-15 00:54:25,39.77,18.4,2567,1,unverified,Imported from sensor_history(2).csv,2026-08-15 00:54:25
2026-08-15 00:54:30,39.78,18.32,2566,1,unverified,Imported from sensor_history(2).csv,2026-08-15 00:54:30
2026-08-15 00:54:35,39.74,18.31,2584,1,unverified,Imported from sensor_history(2).csv,2026-08-15 00:54:35
2026-08-15 00:54:40,39.84,18.68,2573,1,unverified,Imported from sensor_history(2).csv,2026-08-15 00:54:40
2026-08-15 00:54:46,39.6,18.85,2578,0,unverified,Imported from sensor_history(2).csv,2026-08-15 00:54:46
2026-08-15 00:54:51,39.39,18.77,2571,1,unverified,Imported from sensor_history(2).csv,2026-08-15 00:54:51
2026-08-15 00:54:56,39.49,19.02,2581,1,unverified,Imported from sensor_history(2).csv,2026-08-15 00:54:56
2026-08-15 00:55:01,39.5,18.89,2585,0,unverified,Imported from sensor_history(2).csv,2026-08-15 00:55:01
2026-08-15 00:55:06,39.53,19.08,2589,1,unverified,Imported from sensor_history(2).csv,2026-08-15 00:55:06
2026-08-15 00:55:11,39.4,18.83,2583,1,unverified,Imported from sensor_history(2).csv,2026-08-15 00:55:11
2026-08-15 00:55:17,39.41,19.03,2578,1,unverified,Imported from sensor_history(2).csv,2026-08-15 00:55:17
2026-08-15 00:55:21,39.62,18.95,2588,1,unverified,Imported from sensor_history(2).csv,2026-08-15 00:55:21
2026-08-15 00:55:27,39.7,18.77,2604,1,unverified,Imported from sensor_history(2).csv,2026-08-15 00:55:27
2026-08-15 00:55:32,39.71,18.74,2608,1,unverified,Imported from sensor_history(2).csv,2026-08-15 00:55:32
2026-08-15 00:55:37,39.66,18.8,2601,1,unverified,Imported from sensor_history(2).csv,2026-08-15 00:55:37
2026-08-15 00:55:42,39.61,18.72,2604,1,unverified,Imported from sensor_history(2).csv,2026-08-15 00:55:42
2026-08-15 00:55:47,39.4,18.84,2624,1,unverified,Imported from sensor_history(2).csv,2026-08-15 00:55:47
2026-08-15 00:55:53,39.44,18.73,2624,1,unverified,Imported from sensor_history(2).csv,2026-08-15 00:55:53
2026-08-15 00:55:58,39.54,18.86,2635,1,unverified,Imported from sensor_history(2).csv,2026-08-15 00:55:58
2026-08-15 00:56:03,39.39,18.93,2628,1,unverified,Imported from sensor_history(2).csv,2026-08-15 00:56:03
2026-08-15 00:56:08,39.34,18.92,2627,1,unverified,Imported from sensor_history(2).csv,2026-08-15 00:56:08
2026-08-15 00:56:13,39.25,18.83,2631,1,unverified,Imported from sensor_history(2).csv,2026-08-15 00:56:13
2026-08-15 00:56:17,39.18,18.85,2633,1,unverified,Imported from sensor_history(2).csv,2026-08-15 00:56:17
2026-08-15 00:56:22,39.21,18.98,2626,1,unverified,Imported from sensor_history(2).csv,2026-08-15 00:56:22
2026-08-15 00:56:28,39.01,19.43,2617,1,unverified,Imported from sensor_history(2).csv,2026-08-15 00:56:28
2026-08-15 00:56:33,39.09,19.66,2623,1,unverified,Imported from sensor_history(2).csv,2026-08-15 00:56:33
2026-08-15 00:56:38,39.18,19.88,2630,1,unverified,Imported from sensor_history(2).csv,2026-08-15 00:56:38
2026-08-15 00:56:43,39.15,20.47,2639,1,unverified,Imported from sensor_history(2).csv,2026-08-15 00:56:43
2026-08-15 00:56:48,38.91,20.55,2650,1,unverified,Imported from sensor_history(2).csv,2026-08-15 00:56:48
2026-08-15 00:56:52,38.83,20.63,2646,1,unverified,Imported from sensor_history(2).csv,2026-08-15 00:56:52
2026-08-15 00:56:58,38.98,20.75,2639,1,unverified,Imported from sensor_history(2).csv,2026-08-15 00:56:58
2026-08-15 00:57:03,38.71,20.56,2646,1,unverified,Imported from sensor_history(2).csv,2026-08-15 00:57:03
2026-08-15 00:57:07,38.7,20.5,2647,0,unverified,Imported from sensor_history(2).csv,2026-08-15 00:57:07
2026-08-15 00:57:13,38.61,20.43,2634,1,unverified,Imported from sensor_history(2).csv,2026-08-15 00:57:13
2026-08-15 00:57:17,38.73,20.59,2622,1,unverified,Imported from sensor_history(2).csv,2026-08-15 00:57:17
2026-08-15 00:57:23,38.68,20.59,2623,1,unverified,Imported from sensor_history(2).csv,2026-08-15 00:57:23
2026-08-15 00:57:28,38.75,20.65,2619,1,unverified,Imported from sensor_history(2).csv,2026-08-15 00:57:28
2026-08-15 00:57:33,38.82,20.89,2616,1,unverified,Imported from sensor_history(2).csv,2026-08-15 00:57:33
2026-08-15 00:57:39,39.01,21.07,2622,1,unverified,Imported from sensor_history(2).csv,2026-08-15 00:57:39
2026-08-15 00:57:43,38.99,21.06,2625,1,unverified,Imported from sensor_history(2).csv,2026-08-15 00:57:43
2026-08-15 00:57:48,39.01,20.97,2632,1,unverified,Imported from sensor_history(2).csv,2026-08-15 00:57:48
2026-08-15 00:57:53,38.85,21.22,2613,0,unverified,Imported from sensor_history(2).csv,2026-08-15 00:57:53
2026-08-15 00:57:58,38.97,21.39,2612,0,unverified,Imported from sensor_history(2).csv,2026-08-15 00:57:58
2026-08-15 00:58:03,38.88,21.12,2615,1,unverified,Imported from sensor_history(2).csv,2026-08-15 00:58:03
2026-08-15 00:58:08,38.82,21.11,2600,1,unverified,Imported from sensor_history(2).csv,2026-08-15 00:58:08
2026-08-15 00:58:13,38.81,21.2,2593,1,unverified,Imported from sensor_history(2).csv,2026-08-15 00:58:13
2026-08-15 00:58:18,38.65,21.4,2585,1,unverified,Imported from sensor_history(2).csv,2026-08-15 00:58:18
2026-08-15 00:58:23,38.68,21.61,2584,1,unverified,Imported from sensor_history(2).csv,2026-08-15 00:58:23
2026-08-15 00:58:28,38.77,21.71,2597,1,unverified,Imported from sensor_history(2).csv,2026-08-15 00:58:28
2026-08-15 00:58:33,38.79,21.85,2611,0,unverified,Imported from sensor_history(2).csv,2026-08-15 00:58:33
2026-08-15 00:58:38,38.62,21.9,2602,1,unverified,Imported from sensor_history(2).csv,2026-08-15 00:58:38
2026-08-15 00:58:43,38.61,21.81,2603,1,unverified,Imported from sensor_history(2).csv,2026-08-15 00:58:43
2026-08-15 00:58:48,38.68,21.82,2605,1,unverified,Imported from sensor_history(2).csv,2026-08-15 00:58:48
2026-08-15 00:58:53,38.48,21.88,2606,1,unverified,Imported from sensor_history(2).csv,2026-08-15 00:58:53
2026-08-15 00:58:58,38.38,21.93,2606,1,unverified,Imported from sensor_history(2).csv,2026-08-15 00:58:58
2026-08-15 00:59:02,38.47,21.65,2606,1,unverified,Imported from sensor_history(2).csv,2026-08-15 00:59:02
2026-08-15 00:59:07,38.5,21.67,2616,1,unverified,Imported from sensor_history(2).csv,2026-08-15 00:59:07
2026-08-15 00:59:12,38.54,21.78,2621,0,unverified,Imported from sensor_history(2).csv,2026-08-15 00:59:12
2026-08-15 00:59:16,38.71,21.83,2608,1,unverified,Imported from sensor_history(2).csv,2026-08-15 00:59:16
2026-08-15 00:59:22,38.73,21.88,2611,0,unverified,Imported from sensor_history(2).csv,2026-08-15 00:59:22
2026-08-15 00:59:27,38.77,22.07,2614,1,unverified,Imported from sensor_history(2).csv,2026-08-15 00:59:27
2026-08-15 00:59:32,39.01,21.97,2613,0,unverified,Imported from sensor_history(2).csv,2026-08-15 00:59:32
2026-08-15 00:59:37,38.93,21.78,2618,1,unverified,Imported from sensor_history(2).csv,2026-08-15 00:59:37
2026-08-15 00:59:42,38.8,21.85,2615,0,unverified,Imported from sensor_history(2).csv,2026-08-15 00:59:42
2026-08-15 00:59:46,38.8,22.12,2612,1,unverified,Imported from sensor_history(2).csv,2026-08-15 00:59:46
2026-08-15 00:59:51,38.79,22.54,2609,1,unverified,Imported from sensor_history(2).csv,2026-08-15 00:59:51
2026-08-15 00:59:56,38.69,22.77,2588,1,unverified,Imported from sensor_history(2).csv,2026-08-15 00:59:56
2026-08-15 00:00:01,38.55,22.59,2585,1,unverified,Imported from sensor_history(2).csv,2026-08-15 00:00:01
2026-08-15 00:00:05,38.75,22.65,2577,0,unverified,Imported from sensor_history(2).csv,2026-08-15 00:00:05
2026-08-15 00:00:10,38.73,22.79,2566,0,unverified,Imported from sensor_history(2).csv,2026-08-15 00:00:10
2026-08-15 00:00:15,38.61,22.92,2576,0,unverified,Imported from sensor_history(2).csv,2026-08-15 00:00:15
2026-08-15 00:00:21,38.65,23.12,2578,1,unverified,Imported from sensor_history(2).csv,2026-08-15 00:00:21
2026-08-15 00:00:26,38.59,23.04,2576,0,unverified,Imported from sensor_history(2).csv,2026-08-15 00:00:26
2026-08-15 00:00:32,38.52,23.15,2569,0,unverified,Imported from sensor_history(2).csv,2026-08-15 00:00:32
2026-08-15 00:00:37,38.53,23.32,2570,1,unverified,Imported from sensor_history(2).csv,2026-08-15 00:00:37
2026-08-15 00:00:42,38.36,23.56,2576,1,unverified,Imported from sensor_history(2).csv,2026-08-15 00:00:42
2026-08-15 00:00:46,38.36,23.49,2567,1,unverified,Imported from sensor_history(2).csv,2026-08-15 00:00:46
2026-08-15 00:00:52,38.51,23.52,2565,1,unverified,Imported from sensor_history(2).csv,2026-08-15 00:00:52
2026-08-15 00:00:57,38.51,23.13,2570,1,unverified,Imported from sensor_history(2).csv,2026-08-15 00:00:57
2026-08-15 00:01:02,38.42,23.15,2552,0,unverified,Imported from sensor_history(2).csv,2026-08-15 00:01:02
2026-08-15 00:01:07,38.32,23.2,2551,1,unverified,Imported from sensor_history(2).csv,2026-08-15 00:01:07
2026-08-15 00:01:13,38.24,23.15,2546,1,unverified,Imported from sensor_history(2).csv,2026-08-15 00:01:13
2026-08-15 00:01:18,38.17,23.34,2544,1,unverified,Imported from sensor_history(2).csv,2026-08-15 00:01:18
2026-08-15 00:01:23,38.1,23.47,2540,0,unverified,Imported from sensor_history(2).csv,2026-08-15 00:01:23
2026-08-15 00:01:29,38.16,23.21,2540,0,unverified,Imported from sensor_history(2).csv,2026-08-15 00:01:29
2026-08-15 00:01:34,37.95,23.41,2555,0,unverified,Imported from sensor_history(2).csv,2026-08-15 00:01:34
2026-08-15 00:01:39,38.01,23.41,2550,1,unverified,Imported from sensor_history(2).csv,2026-08-15 00:01:39
2026-08-15 00:01:43,37.94,23.66,2551,1,unverified,Imported from sensor_history(2).csv,2026-08-15 00:01:43
2026-08-15 00:01:48,37.95,23.58,2565,1,unverified,Imported from sensor_history(2).csv,2026-08-15 00:01:48
2026-08-15 00:01:53,37.81,23.76,2558,1,unverified,Imported from sensor_history(2).csv,2026-08-15 00:01:53
2026-08-15 00:01:58,37.92,23.86,2569,1,unverified,Imported from sensor_history(2).csv,2026-08-15 00:01:58
2026-08-15 00:02:03,38.01,24.08,2566,0,unverified,Imported from sensor_history(2).csv,2026-08-15 00:02:03
2026-08-15 00:02:08,38.06,24.25,2576,0,unverified,Imported from sensor_history(2).csv,2026-08-15 00:02:08
2026-08-15 00:02:12,37.86,24.34,2578,1,unverified,Imported from sensor_history(2).csv,2026-08-15 00:02:12
2026-08-15 00:02:18,37.91,24.21,2575,0,unverified,Imported from sensor_history(2).csv,2026-08-15 00:02:18
2026-08-15 00:02:23,37.91,24.1,2570,0,unverified,Imported from sensor_history(2).csv,2026-08-15 00:02:23
2026-08-15 00:02:28,37.7,24.17,2561,1,unverified,Imported from sensor_history(2).csv,2026-08-15 00:02:28
2026-08-15 00:02:33,37.67,24.34,2557,1,unverified,Imported from sensor_history(2).csv,2026-08-15 00:02:33
2026-08-15 00:02:39,37.68,24.4,2561,1,unverified,Imported from sensor_history(2).csv,2026-08-15 00:02:39
2026-08-15 00:02:44,37.7,24.69,2557,1,unverified,Imported from sensor_history(2).csv,2026-08-15 00:02:44
2026-08-15 00:02:48,37.68,24.79,2550,1,unverified,Imported from sensor_history(2).csv,2026-08-15 00:02:48
2026-08-15 00:02:53,37.68,24.77,2544,1,unverified,Imported from sensor_history(2).csv,2026-08-15 00:02:53
2026-08-15 00:02:58,37.78,24.88,2549,1,unverified,Imported from sensor_history(2).csv,2026-08-15 00:02:58
2026-08-15 00:03:03,37.86,25.08,2555,1,unverified,Imported from sensor_history(2).csv,2026-08-15 00:03:03
2026-08-15 00:03:08,37.51,25.29,2545,0,unverified,Imported from sensor_history(2).csv,2026-08-15 00:03:08
2026-08-15 00:03:13,37.45,25.77,2536,0,unverified,Imported from sensor_history(2).csv,2026-08-15 00:03:13
2026-08-15 00:03:17,37.4,25.76,2536,1,unverified,Imported from sensor_history(2).csv,2026-08-15 00:03:17
2026-08-15 00:03:22,37.2,25.87,2545,1,unverified,Imported from sensor_history(2).csv,2026-08-15 00:03:22
2026-08-15 00:03:27,37.19,26.06,2550,1,unverified,Imported from sensor_history(2).csv,2026-08-15 00:03:27
2026-08-15 00:03:32,37.3,26.16,2535,1,unverified,Imported from sensor_history(2).csv,2026-08-15 00:03:32
2026-08-15 00:03:37,37.17,26.18,2529,1,unverified,Imported from sensor_history(2).csv,2026-08-15 00:03:37
2026-08-15 00:03:42,37.18,26.01,2518,1,unverified,Imported from sensor_history(2).csv,2026-08-15 00:03:42
2026-08-15 00:03:47,37.07,26.05,2513,1,unverified,Imported from sensor_history(2).csv,2026-08-15 00:03:47
2026-08-15 00:03:52,36.98,25.99,2523,0,unverified,Imported from sensor_history(2).csv,2026-08-15 00:03:52
2026-08-15 00:03:57,37.12,25.83,2508,1,unverified,Imported from sensor_history(2).csv,2026-08-15 00:03:57
2026-08-15 00:04:02,37.04,25.85,2493,0,unverified,Imported from sensor_history(2).csv,2026-08-15 00:04:02
2026-08-15 00:04:08,37.07,25.84,2485,1,unverified,Imported from sensor_history(2).csv,2026-08-15 00:04:08
2026-08-15 00:04:13,36.86,26.12,2486,1,unverified,Imported from sensor_history(2).csv,2026-08-15 00:04:13
2026-08-15 00:04:18,37.03,26.39,2490,0,unverified,Imported from sensor_history(2).csv,2026-08-15 00:04:18
2026-08-15 00:04:23,37.07,26.38,2492,1,unverified,Imported from sensor_history(2).csv,2026-08-15 00:04:23
2026-08-15 00:04:28,37.02,26.49,2499,0,unverified,Imported from sensor_history(2).csv,2026-08-15 00:04:28
2026-08-15 00:04:33,37.04,26.31,2482,0,unverified,Imported from sensor_history(2).csv,2026-08-15 00:04:33
2026-08-15 00:04:38,36.87,26.4,2490,1,unverified,Imported from sensor_history(2).csv,2026-08-15 00:04:38
2026-08-15 00:04:42,36.96,26.65,2485,1,unverified,Imported from sensor_history(2).csv,2026-08-15 00:04:42
2026-08-15 00:04:47,36.9,26.96,2489,1,unverified,Imported from sensor_history(2).csv,2026-08-15 00:04:47
2026-08-15 00:04:51,36.85,26.98,2476,1,unverified,Imported from sensor_history(2).csv,2026-08-15 00:04:51
2026-08-15 00:04:56,36.77,27.32,2474,1,unverified,Imported from sensor_history(2).csv,2026-08-15 00:04:56
2026-08-15 00:05:01,36.69,27.18,2474,1,unverified,Imported from sensor_history(2).csv,2026-08-15 00:05:01
2026-08-15 00:05:06,36.74,27.1,2481,0,unverified,Imported from sensor_history(2).csv,2026-08-15 00:05:06
2026-08-15 00:05:10,36.74,27.39,2466,0,unverified,Imported from sensor_history(2).csv,2026-08-15 00:05:10
2026-08-15 00:05:15,36.77,27.83,2464,1,unverified,Imported from sensor_history(2).csv,2026-08-15 00:05:15
2026-08-15 00:05:20,36.74,28.04,2454,1,unverified,Imported from sensor_history(2).csv,2026-08-15 00:05:20
2026-08-15 00:05:26,36.76,28.14,2457,0,unverified,Imported from sensor_history(2).csv,2026-08-15 00:05:26
2026-08-15 00:05:31,36.68,27.85,2461,0,unverified,Imported from sensor_history(2).csv,2026-08-15 00:05:31
2026-08-15 00:05:36,36.87,27.62,2469,1,unverified,Imported from sensor_history(2).csv,2026-08-15 00:05:36
2026-08-15 00:05:41,36.66,27.81,2462,1,unverified,Imported from sensor_history(2).csv,2026-08-15 00:05:41
2026-08-15 00:05:45,36.75,27.89,2467,0,unverified,Imported from sensor_history(2).csv,2026-08-15 00:05:45
2026-08-15 00:05:50,36.84,27.85,2475,0,unverified,Imported from sensor_history(2).csv,2026-08-15 00:05:50
2026-08-15 00:05:55,36.7,28.02,2458,0,unverified,Imported from sensor_history(2).csv,2026-08-15 00:05:55
2026-08-15 00:06:00,36.88,28.2,2460,1,unverified,Imported from sensor_history(2).csv,2026-08-15 00:06:00
2026-08-15 00:06:05,36.91,28.52,2465,1,unverified,Imported from sensor_history(2).csv,2026-08-15 00:06:05
2026-08-15 00:06:10,36.94,28.67,2459,1,unverified,Imported from sensor_history(2).csv,2026-08-15 00:06:10
2026-08-15 00:06:14,36.87,29.02,2446,1,unverified,Imported from sensor_history(2).csv,2026-08-15 00:06:14
2026-08-15 00:06:19,36.78,29.12,2451,0,unverified,Imported from sensor_history(2).csv,2026-08-15 00:06:19
2026-08-15 00:06:25,36.7,29.2,2438,1,unverified,Imported from sensor_history(2).csv,2026-08-15 00:06:25
2026-08-15 00:06:30,36.67,29.5,2434,0,unverified,Imported from sensor_history(2).csv,2026-08-15 00:06:30
2026-08-15 00:06:35,36.75,29.4,2432,0,unverified,Imported from sensor_history(2).csv,2026-08-15 00:06:35
2026-08-15 00:06:40,36.7,30.01,2435,0,unverified,Imported from sensor_history(2).csv,2026-08-15 00:06:40
2026-08-15 00:06:45,36.54,30.14,2428,0,unverified,Imported from sensor_history(2).csv,2026-08-15 00:06:45
2026-08-15 00:06:50,36.57,30.26,2420,0,unverified,Imported from sensor_history(2).csv,2026-08-15 00:06:50
2026-08-15 00:06:55,36.6,30.4,2419,1,unverified,Imported from sensor_history(2).csv,2026-08-15 00:06:55
2026-08-15 00:06:59,36.6,30.79,2425,1,unverified,Imported from sensor_history(2).csv,2026-08-15 00:06:59
2026-08-15 00:07:05,36.61,30.95,2441,1,unverified,Imported from sensor_history(2).csv,2026-08-15 00:07:05
2026-08-15 00:07:10,36.51,30.68,2425,0,unverified,Imported from sensor_history(2).csv,2026-08-15 00:07:10
2026-08-15 00:07:14,36.35,30.98,2425,0,unverified,Imported from sensor_history(2).csv,2026-08-15 00:07:14
2026-08-15 00:07:19,36.21,30.94,2413,1,unverified,Imported from sensor_history(2).csv,2026-08-15 00:07:19
2026-08-15 00:07:23,36.0,31.0,2419,1,unverified,Imported from sensor_history(2).csv,2026-08-15 00:07:23
2026-08-15 00:07:28,35.99,30.81,2408,1,unverified,Imported from sensor_history(2).csv,2026-08-15 00:07:28
2026-08-15 00:07:34,35.95,30.96,2401,1,unverified,Imported from sensor_history(2).csv,2026-08-15 00:07:34
2026-08-15 00:07:38,35.87,30.9,2394,0,unverified,Imported from sensor_history(2).csv,2026-08-15 00:07:38
2026-08-15 00:07:43,35.55,30.98,2392,1,unverified,Imported from sensor_history(2).csv,2026-08-15 00:07:43
2026-08-15 00:07:49,35.42,31.0,2393,0,unverified,Imported from sensor_history(2).csv,2026-08-15 00:07:49
2026-08-15 00:07:53,35.53,31.42,2395,0,unverified,Imported from sensor_history(2).csv,2026-08-15 00:07:53
2026-08-15 00:07:58,35.46,31.82,2393,1,unverified,Imported from sensor_history(2).csv,2026-08-15 00:07:58
2026-08-15 00:08:02,35.49,31.85,2380,1,unverified,Imported from sensor_history(2).csv,2026-08-15 00:08:02
2026-08-15 00:08:07,35.34,31.88,2385,0,unverified,Imported from sensor_history(2).csv,2026-08-15 00:08:07
2026-08-15 00:08:12,35.49,31.84,2383,0,unverified,Imported from sensor_history(2).csv,2026-08-15 00:08:12
2026-08-15 00:08:17,35.46,32.08,2390,1,unverified,Imported from sensor_history(2).csv,2026-08-15 00:08:17
2026-08-15 00:08:22,35.47,32.04,2382,1,unverified,Imported from sensor_history(2).csv,2026-08-15 00:08:22
2026-08-15 00:08:27,35.69,32.0,2367,0,unverified,Imported from sensor_history(2).csv,2026-08-15 00:08:27
2026-08-15 00:08:32,35.81,32.22,2366,0,unverified,Imported from sensor_history(2).csv,2026-08-15 00:08:32
2026-08-15 00:08:37,35.73,32.16,2375,0,unverified,Imported from sensor_history(2).csv,2026-08-15 00:08:37
2026-08-15 00:08:42,35.62,32.2,2374,0,unverified,Imported from sensor_history(2).csv,2026-08-15 00:08:42
2026-08-15 00:08:46,35.55,31.96,2371,0,unverified,Imported from sensor_history(2).csv,2026-08-15 00:08:46
2026-08-15 00:08:52,35.57,32.16,2362,1,unverified,Imported from sensor_history(2).csv,2026-08-15 00:08:52
2026-08-15 00:08:57,35.52,32.58,2374,0,unverified,Imported from sensor_history(2).csv,2026-08-15 00:08:57
2026-08-15 00:09:01,35.45,32.74,2364,1,unverified,Imported from sensor_history(2).csv,2026-08-15 00:09:01
2026-08-15 00:09:07,35.56,33.04,2356,0,unverified,Imported from sensor_history(2).csv,2026-08-15 00:09:07
2026-08-15 00:09:12,35.5,32.9,2359,0,unverified,Imported from sensor_history(2).csv,2026-08-15 00:09:12
2026-08-15 00:09:17,35.69,32.97,2342,0,unverified,Imported from sensor_history(2).csv,2026-08-15 00:09:17
2026-08-15 00:09:23,35.64,32.83,2352,0,unverified,Imported from sensor_history(2).csv,2026-08-15 00:09:23
2026-08-15 00:09:28,35.76,32.84,2355,0,unverified,Imported from sensor_history(2).csv,2026-08-15 00:09:28
2026-08-15 00:09:32,35.73,33.04,2361,0,unverified,Imported from sensor_history(2).csv,2026-08-15 00:09:32
2026-08-15 00:09:37,35.76,33.1,2363,0,unverified,Imported from sensor_history(2).csv,2026-08-15 00:09:37
2026-08-15 00:09:42,35.61,32.9,2358,0,unverified,Imported from sensor_history(2).csv,2026-08-15 00:09:42
2026-08-15 00:09:47,35.47,32.73,2347,1,unverified,Imported from sensor_history(2).csv,2026-08-15 00:09:47
2026-08-15 00:09:52,35.46,32.57,2344,1,unverified,Imported from sensor_history(2).csv,2026-08-15 00:09:52
2026-08-15 00:09:57,35.5,32.77,2335,0,unverified,Imported from sensor_history(2).csv,2026-08-15 00:09:57
2026-08-15 00:10:02,35.44,33.24,2337,0,unverified,Imported from sensor_history(2).csv,2026-08-15 00:10:02
2026-08-15 00:10:07,35.26,33.55,2342,0,unverified,Imported from sensor_history(2).csv,2026-08-15 00:10:07
2026-08-15 00:10:12,35.08,33.26,2352,0,unverified,Imported from sensor_history(2).csv,2026-08-15 00:10:12
2026-08-15 00:10:17,34.9,33.6,2352,0,unverified,Imported from sensor_history(2).csv,2026-08-15 00:10:17
2026-08-15 00:10:22,34.7,33.82,2356,0,unverified,Imported from sensor_history(2).csv,2026-08-15 00:10:22
2026-08-15 00:10:27,34.7,33.59,2350,0,unverified,Imported from sensor_history(2).csv,2026-08-15 00:10:27
2026-08-15 00:10:32,34.81,33.61,2343,1,unverified,Imported from sensor_history(2).csv,2026-08-15 00:10:32
2026-08-15 00:10:37,34.79,33.89,2344,0,unverified,Imported from sensor_history(2).csv,2026-08-15 00:10:37
2026-08-15 00:10:43,34.54,34.05,2338,0,unverified,Imported from sensor_history(2).csv,2026-08-15 00:10:43
2026-08-15 00:10:48,34.52,33.87,2338,0,unverified,Imported from sensor_history(2).csv,2026-08-15 00:10:48
2026-08-15 00:10:52,34.5,34.05,2326,1,unverified,Imported from sensor_history(2).csv,2026-08-15 00:10:52
2026-08-15 00:10:57,34.7,33.73,2317,0,unverified,Imported from sensor_history(2).csv,2026-08-15 00:10:57
2026-08-15 00:11:02,34.53,33.79,2321,1,unverified,Imported from sensor_history(2).csv,2026-08-15 00:11:02
2026-08-15 00:11:06,34.48,34.1,2326,1,unverified,Imported from sensor_history(2).csv,2026-08-15 00:11:06
2026-08-15 00:11:11,34.65,34.18,2316,0,unverified,Imported from sensor_history(2).csv,2026-08-15 00:11:11
2026-08-15 00:11:16,34.67,34.18,2320,1,unverified,Imported from sensor_history(2).csv,2026-08-15 00:11:16
2026-08-15 00:11:22,34.7,34.42,2314,0,unverified,Imported from sensor_history(2).csv,2026-08-15 00:11:22
2026-08-15 00:11:27,34.67,34.67,2312,0,unverified,Imported from sensor_history(2).csv,2026-08-15 00:11:27
2026-08-15 00:11:32,34.67,34.97,2322,1,unverified,Imported from sensor_history(2).csv,2026-08-15 00:11:32
2026-08-15 00:11:36,34.72,35.17,2326,0,unverified,Imported from sensor_history(2).csv,2026-08-15 00:11:36
2026-08-15 00:11:42,34.6,35.4,2329,0,unverified,Imported from sensor_history(2).csv,2026-08-15 00:11:42
2026-08-15 00:11:47,34.65,35.56,2341,0,unverified,Imported from sensor_history(2).csv,2026-08-15 00:11:47
2026-08-15 00:11:52,34.48,35.62,2331,0,unverified,Imported from sensor_history(2).csv,2026-08-15 00:11:52
2026-08-15 00:11:57,34.48,35.65,2320,0,unverified,Imported from sensor_history(2).csv,2026-08-15 00:11:57
2026-08-15 00:12:02,34.47,35.63,2311,1,unverified,Imported from sensor_history(2).csv,2026-08-15 00:12:02
2026-08-15 00:12:07,34.38,35.44,2307,1,unverified,Imported from sensor_history(2).csv,2026-08-15 00:12:07
2026-08-15 00:12:12,34.35,35.32,2286,0,unverified,Imported from sensor_history(2).csv,2026-08-15 00:12:12
2026-08-15 00:12:17,34.26,35.33,2284,0,unverified,Imported from sensor_history(2).csv,2026-08-15 00:12:17
2026-08-15 00:12:22,34.14,35.45,2279,0,unverified,Imported from sensor_history(2).csv,2026-08-15 00:12:22
2026-08-15 00:12:27,34.09,35.77,2286,0,unverified,Imported from sensor_history(2).csv,2026-08-15 00:12:27
2026-08-15 00:12:32,33.97,35.81,2288,1,unverified,Imported from sensor_history(2).csv,2026-08-15 00:12:32
2026-08-15 00:12:38,34.0,36.04,2282,0,unverified,Imported from sensor_history(2).csv,2026-08-15 00:12:38
2026-08-15 00:12:42,33.88,36.28,2286,0,unverified,Imported from sensor_history(2).csv,2026-08-15 00:12:42
2026-08-15 00:12:47,33.95,36.26,2291,0,unverified,Imported from sensor_history(2).csv,2026-08-15 00:12:47
2026-08-15 00:12:53,33.82,36.4,2283,0,unverified,Imported from sensor_history(2).csv,2026-08-15 00:12:53
